-- phpMyAdmin SQL Dump
-- version 4.8.3
-- https://www.phpmyadmin.net/
--
-- Host: localhost:8889
-- Generation Time: Aug 18, 2019 at 06:49 AM
-- Server version: 5.7.23
-- PHP Version: 7.2.10

SET SQL_MODE = "NO_AUTO_VALUE_ON_ZERO";
SET time_zone = "+00:00";


/*!40101 SET @OLD_CHARACTER_SET_CLIENT=@@CHARACTER_SET_CLIENT */;
/*!40101 SET @OLD_CHARACTER_SET_RESULTS=@@CHARACTER_SET_RESULTS */;
/*!40101 SET @OLD_COLLATION_CONNECTION=@@COLLATION_CONNECTION */;
/*!40101 SET NAMES utf8mb4 */;

--
-- Database: `p_l5Api`
--

-- --------------------------------------------------------

--
-- Table structure for table `migrations`
--

CREATE TABLE `migrations` (
  `id` int(10) UNSIGNED NOT NULL,
  `migration` varchar(255) COLLATE utf8mb4_unicode_ci NOT NULL,
  `batch` int(11) NOT NULL
) ENGINE=InnoDB DEFAULT CHARSET=utf8mb4 COLLATE=utf8mb4_unicode_ci;

--
-- Dumping data for table `migrations`
--

INSERT INTO `migrations` (`id`, `migration`, `batch`) VALUES
(5, '2014_10_12_000000_create_users_table', 1),
(6, '2014_10_12_100000_create_password_resets_table', 1),
(7, '2019_08_17_122318_create_products_table', 1),
(8, '2019_08_17_122349_create_reviews_table', 1);

-- --------------------------------------------------------

--
-- Table structure for table `password_resets`
--

CREATE TABLE `password_resets` (
  `email` varchar(255) COLLATE utf8mb4_unicode_ci NOT NULL,
  `token` varchar(255) COLLATE utf8mb4_unicode_ci NOT NULL,
  `created_at` timestamp NULL DEFAULT NULL
) ENGINE=InnoDB DEFAULT CHARSET=utf8mb4 COLLATE=utf8mb4_unicode_ci;

-- --------------------------------------------------------

--
-- Table structure for table `products`
--

CREATE TABLE `products` (
  `id` bigint(20) UNSIGNED NOT NULL,
  `name` varchar(255) COLLATE utf8mb4_unicode_ci NOT NULL,
  `detail` text COLLATE utf8mb4_unicode_ci NOT NULL,
  `price` int(11) NOT NULL,
  `stock` int(11) NOT NULL,
  `discount` int(11) NOT NULL,
  `created_at` timestamp NULL DEFAULT NULL,
  `updated_at` timestamp NULL DEFAULT NULL
) ENGINE=InnoDB DEFAULT CHARSET=utf8mb4 COLLATE=utf8mb4_unicode_ci;

--
-- Dumping data for table `products`
--

INSERT INTO `products` (`id`, `name`, `detail`, `price`, `stock`, `discount`, `created_at`, `updated_at`) VALUES
(1, 'Willard Hoppe DDS', 'Illo quos cupiditate impedit accusamus fugit vel. Quis consequuntur eos dicta accusantium. Est ad qui distinctio voluptas et beatae. Temporibus facilis omnis accusantium et veniam.', 292, 6, 11, '2019-08-18 02:45:08', '2019-08-18 02:45:08'),
(2, 'Camilla Nitzsche', 'Doloremque corporis doloribus rerum quis cupiditate amet nemo. Velit et soluta in illo iusto voluptas et. Recusandae quis consectetur laboriosam quas labore maiores eos tenetur. Aliquam mollitia non numquam.', 653, 2, 12, '2019-08-18 02:45:08', '2019-08-18 02:45:08'),
(3, 'Bridie Purdy', 'Ratione tempora illum sint omnis magnam. Nemo qui explicabo libero nulla excepturi. Architecto quo nostrum aperiam velit. Unde possimus est officiis quo non qui amet.', 963, 0, 20, '2019-08-18 02:45:08', '2019-08-18 02:45:08'),
(4, 'Euna Kuvalis', 'Cupiditate laborum beatae assumenda dicta occaecati. Veniam qui ut incidunt deleniti excepturi. Est necessitatibus quas odio delectus cum. Sint voluptas dolores nostrum dignissimos.', 937, 1, 30, '2019-08-18 02:45:08', '2019-08-18 02:45:08'),
(5, 'Layne Wilkinson', 'Ullam dicta facilis voluptates. Nisi qui nesciunt ea aliquid quia aliquam officia. Laborum commodi quia libero maiores consectetur ratione. Rerum et explicabo ea ut nobis ipsam qui.', 730, 3, 27, '2019-08-18 02:45:08', '2019-08-18 02:45:08'),
(6, 'Angelita Halvorson', 'Deleniti facere vel et autem corporis distinctio animi. In error similique omnis qui voluptas officia animi iusto. Eaque consequatur voluptatum natus et qui fuga sint. Tempora dicta eveniet voluptatem placeat.', 120, 7, 29, '2019-08-18 02:45:08', '2019-08-18 02:45:08'),
(7, 'Dr. Celestino Greenholt', 'Veritatis harum expedita ullam blanditiis laborum itaque omnis. Et et nemo nesciunt eum sequi dicta. Neque ab architecto quasi voluptatem.', 464, 6, 19, '2019-08-18 02:45:08', '2019-08-18 02:45:08'),
(8, 'Devonte Ankunding', 'Delectus error consectetur quam beatae quis ut. Doloribus consequatur enim quos mollitia ea corrupti necessitatibus. Sed fugiat blanditiis numquam repudiandae. Consequatur qui velit quia officiis.', 628, 2, 12, '2019-08-18 02:45:08', '2019-08-18 02:45:08'),
(9, 'Darryl Jerde IV', 'Quas voluptates qui consequuntur accusamus quibusdam id quo sit. Necessitatibus dolorem qui aspernatur aut et amet vel. Earum ab blanditiis explicabo nulla quo. Consequatur aut veritatis sit et voluptatem voluptas.', 769, 7, 30, '2019-08-18 02:45:08', '2019-08-18 02:45:08'),
(10, 'Kameron Labadie', 'Excepturi quod est nisi sint labore inventore eius. Ut est soluta debitis incidunt neque dignissimos. Id omnis magnam impedit aut enim atque. Qui iusto culpa amet officia omnis fuga quia velit.', 394, 6, 10, '2019-08-18 02:45:08', '2019-08-18 02:45:08'),
(11, 'Dr. Pedro Bailey', 'Atque est eos architecto. Pariatur tempore voluptas qui voluptatem aut id ut. Libero harum a error et.', 397, 9, 21, '2019-08-18 02:45:08', '2019-08-18 02:45:08'),
(12, 'Ms. Filomena Herman', 'Vero rem iure et laborum. Numquam laboriosam dolorum libero quia architecto. Vel sapiente reiciendis eligendi laboriosam iusto est. Tempora maxime laudantium vel dolor libero reprehenderit facere.', 345, 7, 17, '2019-08-18 02:45:08', '2019-08-18 02:45:08'),
(13, 'Mr. Kareem Emmerich II', 'Praesentium omnis voluptas non iste. Sit in ut quibusdam quia non omnis nobis ducimus. Accusamus et beatae distinctio quia rerum.', 210, 9, 10, '2019-08-18 02:45:08', '2019-08-18 02:45:08'),
(14, 'Francisco Feeney', 'Corrupti repudiandae fuga reprehenderit sed possimus ea delectus. Doloremque doloribus sint suscipit possimus. Laboriosam unde quae molestias aliquam. Minus id quo adipisci sapiente sint ut.', 938, 7, 30, '2019-08-18 02:45:08', '2019-08-18 02:45:08'),
(15, 'Prof. Dejon Rath', 'Dolorem atque magni nulla quam odio quidem quia. Saepe ullam natus iure voluptatum. Rerum accusamus itaque ea dolorum sit qui et.', 432, 2, 14, '2019-08-18 02:45:08', '2019-08-18 02:45:08'),
(16, 'Meggie Weber', 'Illum eos molestiae autem porro dicta sit dolor aut. Fugit assumenda laudantium molestiae consequatur aut assumenda. Dolor enim et ipsa quaerat porro et aut autem. Vel quia officia nam laboriosam qui.', 769, 7, 20, '2019-08-18 02:45:08', '2019-08-18 02:45:08'),
(17, 'Anderson Bechtelar', 'Eum voluptate et et numquam molestiae quia. Maxime rem molestiae ut. Omnis mollitia ut rerum.', 445, 4, 27, '2019-08-18 02:45:08', '2019-08-18 02:45:08'),
(18, 'Mr. Kevon Graham DVM', 'Omnis eaque id sed doloribus consequuntur. Magni in molestiae et fugiat harum. Delectus sit quod voluptas qui voluptates quia incidunt.', 401, 8, 15, '2019-08-18 02:45:08', '2019-08-18 02:45:08'),
(19, 'Julianne Thiel', 'Harum assumenda quo ad rem. Aut vel est ea modi iste nihil. Nemo blanditiis optio rerum quia dolorem et. Mollitia voluptates quisquam enim non consequuntur est. Vero dolorum inventore tenetur rerum cumque.', 683, 4, 15, '2019-08-18 02:45:08', '2019-08-18 02:45:08'),
(20, 'Prof. Buddy Beahan Sr.', 'Modi est eum et. Quidem earum qui non sit. Et labore ea numquam.', 355, 6, 21, '2019-08-18 02:45:08', '2019-08-18 02:45:08'),
(21, 'Jack Predovic', 'Est ut repellendus rerum voluptatibus similique. Neque labore fugit nihil labore.', 884, 6, 26, '2019-08-18 02:45:08', '2019-08-18 02:45:08'),
(22, 'Bud Steuber', 'Tempora veniam dolorem quos et doloremque rerum. Facere dignissimos non dolor sapiente consectetur sint fugit. Minima voluptate error ducimus quos ut cupiditate ipsum. Qui exercitationem nemo dolorum animi doloribus voluptatem.', 953, 1, 22, '2019-08-18 02:45:08', '2019-08-18 02:45:08'),
(23, 'Mr. Randi Conn', 'In et minima reprehenderit molestias quas ea voluptatem. Itaque aut sed maiores mollitia in. Velit autem natus dolores molestias.', 338, 3, 30, '2019-08-18 02:45:08', '2019-08-18 02:45:08'),
(24, 'Concepcion Watsica V', 'Molestiae tempora aut consectetur velit sed vel aut nihil. Dolorem dolorum distinctio qui sunt. Dicta excepturi tempora odio est porro tempore. Ut deleniti inventore molestias corrupti iure numquam.', 230, 1, 27, '2019-08-18 02:45:08', '2019-08-18 02:45:08'),
(25, 'Clinton Reichel', 'Accusantium suscipit doloremque eos ea blanditiis quaerat. Veritatis dolor ipsa dolore perspiciatis fugiat. Et perspiciatis quod consequuntur perspiciatis et quam distinctio.', 1000, 8, 14, '2019-08-18 02:45:08', '2019-08-18 02:45:08'),
(26, 'Kennedy Jast', 'Necessitatibus eos sapiente expedita necessitatibus eaque. Sint et quia rerum velit rerum.', 187, 9, 29, '2019-08-18 02:45:08', '2019-08-18 02:45:08'),
(27, 'Jammie Huels', 'Sunt cum ut commodi numquam. Aut rerum veritatis est unde. Enim sit rerum in quis aperiam. Fuga natus qui maxime magnam recusandae voluptatem eligendi corporis.', 570, 7, 23, '2019-08-18 02:45:08', '2019-08-18 02:45:08'),
(28, 'Mekhi Zulauf', 'Eius sunt quisquam voluptates enim in modi dignissimos. Ea voluptatem mollitia sunt sed consequatur et beatae eos. At animi veniam voluptatum soluta est reiciendis eveniet non.', 671, 5, 23, '2019-08-18 02:45:08', '2019-08-18 02:45:08'),
(29, 'Billie Stiedemann', 'Voluptatem repellat voluptas omnis. Libero qui dolorem magnam consequatur. Doloribus minus fugiat qui id in quo.', 944, 7, 19, '2019-08-18 02:45:08', '2019-08-18 02:45:08'),
(30, 'Chester Douglas', 'Ratione ipsam dolores asperiores labore sint illum. Et voluptatum quia distinctio nihil recusandae magni. Pariatur sunt error vero totam hic.', 166, 0, 10, '2019-08-18 02:45:08', '2019-08-18 02:45:08'),
(31, 'Mrs. Hannah Wuckert', 'Tempore et ipsum beatae quis et. In et voluptatibus qui velit quae dicta voluptas. Doloribus ab qui velit. Cupiditate ea corrupti ut. Consectetur eaque magnam dolor animi.', 307, 8, 22, '2019-08-18 02:45:08', '2019-08-18 02:45:08'),
(32, 'Keyon Wintheiser', 'Temporibus aut nihil libero rerum asperiores sint corrupti. Officiis accusamus minus sed a quo. Mollitia perferendis omnis dignissimos occaecati dolor modi repudiandae. Quis rerum dicta voluptatem.', 189, 3, 27, '2019-08-18 02:45:08', '2019-08-18 02:45:08'),
(33, 'Dario Skiles IV', 'Quos unde aut vero et. Aut et quia enim accusantium. Voluptas corrupti incidunt dolor animi expedita placeat. Voluptate minus suscipit facere tempore.', 380, 6, 24, '2019-08-18 02:45:08', '2019-08-18 02:45:08'),
(34, 'Adolfo Keebler', 'Harum libero voluptas aut porro quasi et. Amet quam vitae quis culpa earum esse. Aut architecto assumenda est expedita voluptatem quidem. Nam sit voluptatem qui. Praesentium itaque inventore aut rem.', 472, 9, 18, '2019-08-18 02:45:08', '2019-08-18 02:45:08'),
(35, 'Mr. D\'angelo Sawayn III', 'Sapiente explicabo magnam dolorum eos dolores accusantium sed animi. A qui et ipsum cum ut molestiae illum. Dignissimos quas dignissimos repellat at.', 757, 1, 22, '2019-08-18 02:45:08', '2019-08-18 02:45:08'),
(36, 'Ada Luettgen', 'Veritatis non eius expedita aut tenetur illum doloribus. Ex ex repellendus occaecati maxime. Temporibus odit iusto quasi et. Dolorem quo tempora et cumque optio.', 638, 5, 16, '2019-08-18 02:45:08', '2019-08-18 02:45:08'),
(37, 'Zoey Maggio', 'Aut ducimus est maiores deserunt labore vero corporis. Sint vel sapiente harum repudiandae in repudiandae incidunt. Maxime molestiae aspernatur dolorum sint.', 780, 2, 25, '2019-08-18 02:45:08', '2019-08-18 02:45:08'),
(38, 'Vidal Mitchell II', 'Commodi omnis minima perferendis quasi. Perferendis inventore quia consequatur est iste aspernatur aut fugit. Minima eligendi sunt laborum et veritatis odio explicabo aut.', 186, 5, 23, '2019-08-18 02:45:08', '2019-08-18 02:45:08'),
(39, 'Delilah Dach', 'Ut animi maiores a fugit porro quae. Ut beatae reprehenderit rerum modi dicta eaque. Molestiae sunt et cumque.', 543, 3, 15, '2019-08-18 02:45:08', '2019-08-18 02:45:08'),
(40, 'Mr. Madisen Emard Sr.', 'Autem alias sunt quia consequatur omnis. Aut placeat dolores ullam consequatur at. Aliquam expedita quam quo magnam non in. Ex qui est autem natus harum. Eum sunt eius amet dicta pariatur omnis.', 382, 0, 29, '2019-08-18 02:45:08', '2019-08-18 02:45:08'),
(41, 'Dr. Giovanna Mitchell I', 'Alias inventore enim et unde repellendus deleniti rerum. Nam dignissimos neque eaque aliquam aut. Ullam est repudiandae quas hic. Enim tempora unde cum quo animi.', 388, 6, 15, '2019-08-18 02:45:08', '2019-08-18 02:45:08'),
(42, 'Lizzie Jast', 'Voluptatem eum accusamus officiis sequi natus quo velit. Ut quidem dolorem voluptatem rerum enim ea inventore sed. Ratione porro asperiores qui nam facilis. Assumenda sed quas laboriosam sunt a voluptatibus.', 221, 9, 12, '2019-08-18 02:45:08', '2019-08-18 02:45:08'),
(43, 'Anastacio Barton', 'Soluta laboriosam ipsa at cupiditate. Possimus est omnis dolor dolor sapiente sed in omnis. Impedit a dolorem repellat et reprehenderit optio.', 510, 6, 24, '2019-08-18 02:45:08', '2019-08-18 02:45:08'),
(44, 'Dr. Murphy Rolfson Sr.', 'Qui id vel vero omnis. Dolorum praesentium nobis est sed tenetur. In et quibusdam eveniet pariatur velit.', 295, 4, 16, '2019-08-18 02:45:08', '2019-08-18 02:45:08'),
(45, 'Prof. Julia Russel DVM', 'Aut natus impedit vitae sint ut necessitatibus explicabo. Aut dolorum blanditiis qui deserunt. Facere veritatis repudiandae eligendi voluptas.', 898, 5, 24, '2019-08-18 02:45:08', '2019-08-18 02:45:08'),
(46, 'Jerod Howe DDS', 'Quaerat atque autem corrupti non aut culpa architecto eos. Explicabo praesentium ut veniam reiciendis hic laboriosam. Et libero quas sunt sit doloribus fugit. Amet ut reprehenderit eaque sed sit aspernatur. Sit fuga dolorem sit et.', 241, 3, 21, '2019-08-18 02:45:08', '2019-08-18 02:45:08'),
(47, 'Ruben Swaniawski', 'Maiores accusamus dolorem suscipit rerum voluptas voluptatem. Dolorem hic laudantium est exercitationem ut dicta. Aut unde enim sed repellat. Delectus voluptatem quod sed iure beatae accusamus.', 526, 0, 23, '2019-08-18 02:45:08', '2019-08-18 02:45:08'),
(48, 'Hildegard Doyle MD', 'Natus tempore laudantium mollitia perferendis fugiat sed. Doloribus iste enim quod nemo recusandae repudiandae molestias eveniet. Eius dolorem dolores vitae cupiditate officia et nihil.', 458, 5, 23, '2019-08-18 02:45:08', '2019-08-18 02:45:08'),
(49, 'Ms. Fae O\'Connell', 'Voluptatibus dolores voluptatem distinctio a sequi repellat. Eos deserunt iusto odit qui. Sit similique et rerum in aspernatur officiis quaerat et. Consectetur sunt beatae qui ut dolorum.', 915, 4, 20, '2019-08-18 02:45:08', '2019-08-18 02:45:08'),
(50, 'Dr. Kacey Weimann', 'Animi distinctio quia suscipit labore ipsa voluptate ex. Animi optio velit laborum vel omnis eos. Autem aut velit possimus hic labore. Eum suscipit quis id quia dolores quis eligendi ab.', 203, 6, 30, '2019-08-18 02:45:08', '2019-08-18 02:45:08');

-- --------------------------------------------------------

--
-- Table structure for table `reviews`
--

CREATE TABLE `reviews` (
  `id` bigint(20) UNSIGNED NOT NULL,
  `product_id` bigint(20) UNSIGNED NOT NULL,
  `customer` varchar(255) COLLATE utf8mb4_unicode_ci NOT NULL,
  `review` text COLLATE utf8mb4_unicode_ci NOT NULL,
  `star` int(11) NOT NULL,
  `created_at` timestamp NULL DEFAULT NULL,
  `updated_at` timestamp NULL DEFAULT NULL
) ENGINE=InnoDB DEFAULT CHARSET=utf8mb4 COLLATE=utf8mb4_unicode_ci;

--
-- Dumping data for table `reviews`
--

INSERT INTO `reviews` (`id`, `product_id`, `customer`, `review`, `star`, `created_at`, `updated_at`) VALUES
(1, 40, 'Prof. Moises Schuppe III', 'Est et temporibus velit corrupti ut doloribus ipsa. Quas qui blanditiis necessitatibus. Totam consequatur voluptate iure qui nihil dolor optio.', 2, '2019-08-18 02:45:09', '2019-08-18 02:45:09'),
(2, 2, 'Chesley Hodkiewicz IV', 'Rerum numquam quam odit in temporibus repudiandae sit. Mollitia et dolorum ea aliquid. Minus veritatis ipsam soluta quia aut doloremque. Et maxime voluptas qui omnis. Doloremque nostrum repudiandae non nisi odit consequatur voluptatum ut.', 3, '2019-08-18 02:45:09', '2019-08-18 02:45:09'),
(3, 30, 'Heather Davis', 'Atque est quia aut quia tenetur. Voluptatem quia recusandae at. Aut qui est minus quidem autem ut. Eaque excepturi sint ratione.', 4, '2019-08-18 02:45:09', '2019-08-18 02:45:09'),
(4, 26, 'Princess Lakin', 'Praesentium vel tenetur eligendi eaque quam. Quia natus dolorum voluptatibus est illo omnis. Molestias quisquam ut non magni eveniet maiores iure. Quia quia quos molestiae occaecati.', 2, '2019-08-18 02:45:09', '2019-08-18 02:45:09'),
(5, 42, 'Dr. Kyler Swaniawski', 'Tempora et ut et. Aliquid nam optio sed dolor commodi in. Et aspernatur quia nobis vitae sequi dignissimos est. Qui reprehenderit amet molestiae repellat.', 2, '2019-08-18 02:45:09', '2019-08-18 02:45:09'),
(6, 31, 'Audreanne Dooley', 'At sint ducimus enim omnis. Minima ut pariatur qui hic et ut expedita. Voluptas enim temporibus laudantium consectetur eligendi enim error.', 4, '2019-08-18 02:45:09', '2019-08-18 02:45:09'),
(7, 43, 'Prof. Narciso Erdman', 'Doloremque sunt dolor accusantium quaerat enim earum saepe asperiores. Perferendis dolorem officiis soluta ullam omnis. Mollitia at voluptatem provident necessitatibus tenetur. Ullam tempora soluta totam illum earum quia unde.', 2, '2019-08-18 02:45:09', '2019-08-18 02:45:09'),
(8, 13, 'Prof. Maryam Feeney Jr.', 'Ipsam perspiciatis molestiae et aliquid. Nobis dignissimos reiciendis quod minima quam. Necessitatibus voluptatem nulla sit perferendis quos inventore aut est. Sequi et doloremque accusantium quasi est.', 4, '2019-08-18 02:45:09', '2019-08-18 02:45:09'),
(9, 48, 'Prof. Regan Ebert', 'Eius facilis enim excepturi possimus. Aut molestiae esse nostrum eum. Numquam beatae et incidunt cupiditate aut aliquam accusantium. Officia sed molestias animi laudantium qui. Neque dignissimos facilis quo fuga id molestias quia.', 5, '2019-08-18 02:45:09', '2019-08-18 02:45:09'),
(10, 27, 'Raul Haley II', 'Sit dicta neque officia vitae. Placeat similique consequatur labore. Est eius enim dicta dolore.', 1, '2019-08-18 02:45:09', '2019-08-18 02:45:09'),
(11, 25, 'Mrs. Kathryn Braun', 'Dolor ullam repellendus sequi non sunt reprehenderit officiis. Sint exercitationem provident sint aspernatur. Aut minus molestias vel ut quaerat maxime inventore. Ad velit debitis pariatur.', 1, '2019-08-18 02:45:09', '2019-08-18 02:45:09'),
(12, 5, 'Claude Buckridge', 'Recusandae provident mollitia odit id. Sed aut praesentium consequatur consequatur itaque odio porro. Ab numquam eius odit odio nihil asperiores et. Nihil culpa ipsum eum.', 5, '2019-08-18 02:45:09', '2019-08-18 02:45:09'),
(13, 46, 'Prof. Irving White PhD', 'Rerum labore consequatur cumque eveniet quia. Libero nemo consequuntur repudiandae fugiat sit qui rem. Ut qui consectetur culpa enim eos laudantium. Vero id officiis officia ea cumque.', 4, '2019-08-18 02:45:09', '2019-08-18 02:45:09'),
(14, 14, 'Alba Steuber Sr.', 'Sapiente assumenda consequatur non consequatur. Occaecati ducimus unde ipsam quis exercitationem dolorem. Voluptatem temporibus tempora neque et dignissimos facilis. Eos quia hic delectus rerum sapiente quia corporis. Quis earum quas omnis sapiente id quia blanditiis.', 4, '2019-08-18 02:45:09', '2019-08-18 02:45:09'),
(15, 22, 'Enrique Homenick', 'Iste explicabo magni quibusdam laboriosam modi accusantium quis. Eaque omnis nostrum velit dolor adipisci quia. Dolores beatae nihil esse ut.', 5, '2019-08-18 02:45:09', '2019-08-18 02:45:09'),
(16, 11, 'Sadye Cole', 'In omnis numquam similique eligendi. Nobis libero nihil sint id deserunt aut est. Asperiores illum tenetur corporis provident qui architecto deleniti. Ut natus voluptatibus asperiores.', 3, '2019-08-18 02:45:09', '2019-08-18 02:45:09'),
(17, 44, 'Dr. Brett Rolfson', 'Similique accusantium fuga facere qui et occaecati. Quidem ut ducimus omnis cumque tempora est at. Quod officiis quos ab autem ut blanditiis. Beatae praesentium earum libero et voluptas maxime atque explicabo. Omnis qui assumenda iste quisquam quam voluptate dicta.', 1, '2019-08-18 02:45:09', '2019-08-18 02:45:09'),
(18, 10, 'Barney Huels', 'Et consectetur deserunt ullam tempore. Molestiae assumenda labore ex. Non perspiciatis reiciendis sit dicta mollitia et.', 0, '2019-08-18 02:45:09', '2019-08-18 02:45:09'),
(19, 28, 'Leonie Carroll', 'Voluptas officia et facere itaque. Tenetur adipisci aut dolore porro accusamus exercitationem fuga. Nisi impedit qui consequuntur dolorem magni itaque.', 2, '2019-08-18 02:45:09', '2019-08-18 02:45:09'),
(20, 23, 'Dr. Jermaine Brown', 'Et deleniti voluptas itaque nesciunt laboriosam qui. Tenetur quod saepe molestias est quaerat. Asperiores molestias aut excepturi omnis fugiat enim. Provident exercitationem odit expedita nostrum numquam consectetur quidem rerum.', 5, '2019-08-18 02:45:09', '2019-08-18 02:45:09'),
(21, 26, 'Devante Wyman', 'Totam rerum soluta adipisci. Consectetur dolor repudiandae et dolorem qui. Reiciendis similique a sit eos quia deleniti veniam. Labore voluptatem beatae excepturi non explicabo similique sequi asperiores.', 5, '2019-08-18 02:45:09', '2019-08-18 02:45:09'),
(22, 17, 'Prof. Geovany Von I', 'Eius provident repellat sit minus impedit explicabo dolorum. Est in nostrum beatae ea. Ullam magnam quod repellendus eum.', 4, '2019-08-18 02:45:09', '2019-08-18 02:45:09'),
(23, 36, 'Dr. Norval Gleason', 'Cumque ex ratione impedit. Illum iusto consequuntur voluptatem asperiores eum debitis. Placeat ipsa quisquam at.', 5, '2019-08-18 02:45:09', '2019-08-18 02:45:09'),
(24, 17, 'Aliya Kreiger II', 'Reiciendis id cumque consequatur. Et impedit itaque culpa eos. Et vel ut laborum aliquam.', 3, '2019-08-18 02:45:09', '2019-08-18 02:45:09'),
(25, 1, 'Joana Jast V', 'Ut reiciendis culpa quo delectus fuga. Consequatur repudiandae nihil voluptatem excepturi. Dignissimos eum non repellat voluptas. Labore ea libero quis corrupti perspiciatis. Totam delectus vitae inventore enim ipsa.', 4, '2019-08-18 02:45:09', '2019-08-18 02:45:09'),
(26, 42, 'Alene Goyette', 'Velit quis distinctio qui nesciunt dignissimos sapiente. Eos quo eveniet ut ut porro dolor. Enim occaecati repellat ut quos.', 0, '2019-08-18 02:45:09', '2019-08-18 02:45:09'),
(27, 35, 'Miss Edwina Boehm DVM', 'Ab provident exercitationem delectus sint sequi autem ad. Inventore mollitia necessitatibus et voluptas est amet consequatur. Sit libero corrupti quidem est ut eos asperiores. Expedita blanditiis est magni consequatur voluptatum ducimus enim. Eius aliquid rerum et hic officiis.', 4, '2019-08-18 02:45:09', '2019-08-18 02:45:09'),
(28, 1, 'Dr. Ricardo Shields', 'Illum sapiente molestiae nihil voluptates. Quis ad vero quod fugit autem. Et vel reprehenderit cum veritatis.', 2, '2019-08-18 02:45:09', '2019-08-18 02:45:09'),
(29, 26, 'Estelle Swaniawski', 'Aspernatur quibusdam est omnis. Maiores omnis veritatis aliquam eveniet est autem sequi. Voluptate non sint earum iure aut excepturi.', 3, '2019-08-18 02:45:09', '2019-08-18 02:45:09'),
(30, 37, 'Prof. Virgie Howell', 'Nostrum et quia nostrum corrupti sapiente quia molestias ducimus. Nulla a consequuntur quos quia rerum accusantium.', 3, '2019-08-18 02:45:09', '2019-08-18 02:45:09'),
(31, 31, 'Nash D\'Amore', 'Illum accusantium temporibus est nisi minima. Vitae maiores enim id qui doloremque. Corrupti tempore blanditiis sequi enim et. Expedita quis pariatur dolores. Dolores placeat vero ea laboriosam maiores.', 3, '2019-08-18 02:45:09', '2019-08-18 02:45:09'),
(32, 25, 'Roderick Harvey', 'Est autem maiores et magni. Quidem ad non explicabo quaerat aut dolor ducimus. Aut nisi esse voluptatem tempora voluptates. Rerum mollitia omnis quibusdam ipsum aut numquam.', 2, '2019-08-18 02:45:09', '2019-08-18 02:45:09'),
(33, 35, 'Cheyenne Larson', 'Nulla non quaerat hic vel. Aut culpa in assumenda qui maxime et culpa. Temporibus porro nostrum iste facere quae ut nobis consequuntur.', 3, '2019-08-18 02:45:09', '2019-08-18 02:45:09'),
(34, 41, 'Bradly Hudson', 'Neque enim ea et perspiciatis cupiditate similique nobis. Blanditiis odio dicta doloribus dolores debitis quibusdam. Qui consequuntur qui labore velit commodi qui.', 2, '2019-08-18 02:45:09', '2019-08-18 02:45:09'),
(35, 27, 'Sigurd Jerde', 'Est minima sed explicabo. Quam provident reiciendis quisquam possimus adipisci maxime sed. Sit fuga vel quae eveniet sapiente.', 4, '2019-08-18 02:45:09', '2019-08-18 02:45:09'),
(36, 28, 'Earl Wolff', 'Iure hic quia ipsum est voluptatum totam. Praesentium sunt quo unde eos dolor sit. Sapiente pariatur voluptas a sed magni eius eligendi. Velit consectetur quia eveniet aut.', 4, '2019-08-18 02:45:09', '2019-08-18 02:45:09'),
(37, 31, 'Dr. Magnus Gaylord Jr.', 'Officia voluptas debitis voluptas et voluptate sed. Corrupti quis in quia ullam illo dolorum aut deleniti. Alias ut error sit quis et. Aut iusto necessitatibus et modi.', 4, '2019-08-18 02:45:09', '2019-08-18 02:45:09'),
(38, 41, 'Miss Alycia Krajcik Sr.', 'Non dolorem maiores animi et quaerat eius. Et et ut repudiandae doloribus libero eos. Perferendis ex ex omnis. Et eos recusandae numquam placeat odit.', 5, '2019-08-18 02:45:09', '2019-08-18 02:45:09'),
(39, 33, 'Estrella Douglas', 'Est dicta reprehenderit eveniet tempora voluptatem ut et. Non perferendis voluptatem ullam architecto quas nemo.', 3, '2019-08-18 02:45:09', '2019-08-18 02:45:09'),
(40, 26, 'Molly Zieme', 'Neque quia libero voluptates consequatur recusandae quia et laboriosam. Assumenda maiores beatae tempore maxime provident laborum.', 2, '2019-08-18 02:45:09', '2019-08-18 02:45:09'),
(41, 11, 'Bell Blanda', 'Eos omnis sit delectus repellat vitae laudantium. Et nemo doloribus at doloremque. Saepe facilis nam cupiditate fugit.', 5, '2019-08-18 02:45:09', '2019-08-18 02:45:09'),
(42, 13, 'Soledad Block', 'Et ab dolore corporis corrupti officia. Magni necessitatibus qui voluptatem nihil tenetur asperiores optio. Vel dolor ab saepe aut deserunt. Animi officiis in occaecati eaque.', 2, '2019-08-18 02:45:09', '2019-08-18 02:45:09'),
(43, 8, 'Toni Witting Jr.', 'Minus cum est assumenda dolor non assumenda voluptatem quas. Architecto qui quo non. Repellat repudiandae porro ea voluptatem. Aliquam omnis vel natus et sunt fuga excepturi.', 3, '2019-08-18 02:45:09', '2019-08-18 02:45:09'),
(44, 9, 'Adelia Frami', 'Consequatur qui dolorem rerum. Numquam ea tenetur totam ea. Quod est quia dolore et tenetur. Dolorum sit non labore harum.', 0, '2019-08-18 02:45:09', '2019-08-18 02:45:09'),
(45, 10, 'Madie Haag', 'Iure quo voluptatibus odio perferendis. Quo rerum ex tempora et perferendis in nesciunt. Et cumque eum atque a ad exercitationem assumenda.', 4, '2019-08-18 02:45:09', '2019-08-18 02:45:09'),
(46, 25, 'Dr. Lia Beatty', 'Ipsam ut aliquam non aperiam voluptatum. Veniam ut repudiandae eum fugit. Est inventore deserunt non et.', 0, '2019-08-18 02:45:09', '2019-08-18 02:45:09'),
(47, 43, 'Julianne Kuvalis', 'Praesentium harum inventore optio accusamus laborum. Sunt quidem autem quibusdam praesentium aut dolorum. Omnis dolorem adipisci molestias reiciendis et repellendus eos. Eum et doloribus ad rem.', 3, '2019-08-18 02:45:09', '2019-08-18 02:45:09'),
(48, 13, 'Myriam Bechtelar', 'Reiciendis dolorem atque expedita aliquid ullam cumque fuga. Sint nihil tenetur unde ut esse. Dolores labore sed soluta unde molestiae.', 1, '2019-08-18 02:45:09', '2019-08-18 02:45:09'),
(49, 3, 'Delaney Dach MD', 'Sed tenetur voluptatum vel aperiam. Et autem dolores sit sunt. Accusamus quae sit voluptatum fugiat.', 3, '2019-08-18 02:45:09', '2019-08-18 02:45:09'),
(50, 41, 'Alene Gerlach', 'Omnis aut aut velit et et architecto. Quasi voluptatem et error.', 2, '2019-08-18 02:45:09', '2019-08-18 02:45:09'),
(51, 2, 'Mrs. Georgianna Witting', 'Doloribus facere dolorem aut harum. Modi nostrum placeat est aut ea aliquid. Perspiciatis voluptatibus eos sunt explicabo alias. Quos qui beatae id ab recusandae hic. Fugit quia qui corporis qui voluptas nihil.', 5, '2019-08-18 02:45:09', '2019-08-18 02:45:09'),
(52, 24, 'Eda Veum', 'Qui at voluptas vitae tempora ipsum velit dolores. Aliquid sequi minima veniam quaerat repellat. Id amet suscipit quis doloribus illo veritatis. Iusto ut iste in unde laboriosam aperiam quasi incidunt.', 4, '2019-08-18 02:45:09', '2019-08-18 02:45:09'),
(53, 12, 'Verda Stamm', 'Beatae aut culpa rerum dolorem saepe atque repellendus. Soluta quis autem vitae. Ut delectus voluptatem tempora sed facilis. Ut vel libero doloremque rerum.', 0, '2019-08-18 02:45:09', '2019-08-18 02:45:09'),
(54, 13, 'Norval Johns', 'Voluptatum aut sunt repudiandae officia omnis maxime ex. Et dignissimos assumenda reiciendis enim illum. Soluta iure rem voluptate est id saepe ratione.', 0, '2019-08-18 02:45:09', '2019-08-18 02:45:09'),
(55, 25, 'Mr. Rasheed West', 'Nisi velit blanditiis deserunt dolorem qui ea in. Rerum beatae quia sequi quo itaque velit. Et voluptatem error velit.', 2, '2019-08-18 02:45:09', '2019-08-18 02:45:09'),
(56, 27, 'Joshuah Bruen', 'Id ad eum assumenda et non. Rerum magnam adipisci autem optio magni maiores. Qui consectetur vitae molestiae aut. Quia eum adipisci qui vitae. Quibusdam nihil et quod odit porro sit.', 5, '2019-08-18 02:45:09', '2019-08-18 02:45:09'),
(57, 21, 'Deven Runte', 'Fuga possimus sit culpa itaque facere perferendis. Iusto cumque eum earum tempore est a. Doloribus cupiditate sit repellendus et expedita in. Ut cum molestiae libero et est itaque. Voluptatem aspernatur sequi occaecati minima quia dolorem.', 4, '2019-08-18 02:45:09', '2019-08-18 02:45:09'),
(58, 40, 'Gabrielle Wilkinson', 'Facilis quis sunt et facere ea. Dolore debitis quaerat autem iste error. Veniam ducimus quisquam aperiam est repellendus facere. Et tempora accusantium qui est assumenda et ut.', 2, '2019-08-18 02:45:09', '2019-08-18 02:45:09'),
(59, 39, 'Annamarie Zieme', 'Dolores sit accusamus asperiores quia voluptatem nobis veniam. Rerum cum rerum suscipit sunt tenetur quia. Vero similique molestias velit impedit quis sit. Qui molestiae placeat voluptates placeat nihil aperiam eveniet. Sunt nesciunt aut fugit quaerat id minus aperiam.', 5, '2019-08-18 02:45:09', '2019-08-18 02:45:09'),
(60, 50, 'Alia Hyatt', 'Accusantium facere facere aut nisi expedita molestiae dolor. Aut temporibus rerum odio fugit unde. Enim totam quidem est labore.', 3, '2019-08-18 02:45:09', '2019-08-18 02:45:09'),
(61, 32, 'Mrs. Selina Terry PhD', 'Sit deserunt nulla modi qui cumque alias. Nihil quo harum rerum quia. Doloribus iusto est et ut vel voluptates voluptate. Officia quia maiores voluptatem modi.', 3, '2019-08-18 02:45:09', '2019-08-18 02:45:09'),
(62, 20, 'Mr. Bennie McLaughlin DDS', 'Aut quia ut distinctio iste odio accusantium doloremque. Amet qui error quia dolores molestiae exercitationem placeat.', 5, '2019-08-18 02:45:09', '2019-08-18 02:45:09'),
(63, 36, 'Michael Franecki', 'Voluptatem quia enim est et. Alias voluptatem est corrupti explicabo omnis soluta. Eum voluptatibus sed accusantium commodi laborum. Rerum qui vel sit perspiciatis itaque.', 4, '2019-08-18 02:45:09', '2019-08-18 02:45:09'),
(64, 24, 'Damion Kihn', 'Ab maiores dolor animi cumque rerum. Rerum doloremque doloremque deserunt ex quia. Veritatis autem odio aut molestiae.', 5, '2019-08-18 02:45:09', '2019-08-18 02:45:09'),
(65, 1, 'Dr. Marianna Sanford DDS', 'Vitae qui in voluptatibus assumenda debitis provident. Eos repudiandae non sit veniam nihil delectus repudiandae. Et fugiat libero deserunt expedita sed quia sed. Excepturi doloribus dignissimos eos et.', 2, '2019-08-18 02:45:09', '2019-08-18 02:45:09'),
(66, 43, 'Armando Kub', 'Tempore dignissimos doloribus sunt aliquid rerum ducimus nulla. Ut qui eum quo doloribus quo tempore praesentium enim. Cupiditate minus laboriosam non quia omnis debitis. Quia quis quis est asperiores.', 0, '2019-08-18 02:45:09', '2019-08-18 02:45:09'),
(67, 3, 'Chloe Gislason', 'Dignissimos doloremque repellendus dolorem voluptatibus nobis architecto in. Aspernatur corporis aut eveniet totam. Accusamus deserunt explicabo officiis dolor non reiciendis vitae. Modi tenetur odio excepturi similique illo.', 3, '2019-08-18 02:45:09', '2019-08-18 02:45:09'),
(68, 4, 'May Ward', 'Excepturi aut sit qui vitae. Qui natus dolore dolores cum ut dolor sunt. Atque adipisci aut asperiores dicta. Beatae asperiores voluptatem repudiandae sed. Facilis amet magni et ut.', 4, '2019-08-18 02:45:09', '2019-08-18 02:45:09'),
(69, 30, 'Dr. Glennie Ebert MD', 'Facilis aliquam a non amet quaerat cumque. Tempora maiores illum ullam ut. Mollitia sed itaque ut facilis nihil.', 0, '2019-08-18 02:45:09', '2019-08-18 02:45:09'),
(70, 16, 'Bertram Jaskolski', 'Voluptas dolorum incidunt beatae debitis id aperiam. Dolorum est officiis quo rerum dolore velit quasi vel. Nemo mollitia et quis. Officiis animi ipsam sed.', 1, '2019-08-18 02:45:09', '2019-08-18 02:45:09'),
(71, 3, 'Wava Okuneva', 'Quam non provident repellat beatae similique est rerum quasi. Cum eos dicta cupiditate eius suscipit blanditiis vero. Id eaque repellendus unde aut libero ullam.', 3, '2019-08-18 02:45:09', '2019-08-18 02:45:09'),
(72, 47, 'Mrs. Tianna Farrell Sr.', 'Veniam consectetur minima ut. Quaerat et error et sed aliquam. Ut error dolorem aut laboriosam cupiditate omnis. Aspernatur et iure rem sed non.', 1, '2019-08-18 02:45:09', '2019-08-18 02:45:09'),
(73, 6, 'Prof. Agustin Schmidt PhD', 'Sunt quaerat ad deleniti perspiciatis facilis ipsa voluptatem. Quis sequi qui voluptas commodi ut quaerat porro. Nobis eos et numquam hic provident. Eius vitae voluptatem debitis sit ipsam et. Accusantium modi repudiandae et quia sit.', 5, '2019-08-18 02:45:09', '2019-08-18 02:45:09'),
(74, 14, 'Allan Schimmel', 'Esse excepturi sit sit perferendis cum aut. Maxime dolore ex corporis quia. Nostrum et et tempora ex magnam.', 4, '2019-08-18 02:45:09', '2019-08-18 02:45:09'),
(75, 50, 'Bell Orn', 'Autem sed ut debitis esse consequuntur deleniti omnis. Adipisci ex dolorem laborum. Libero tempora accusamus aliquam voluptatem quibusdam ipsa. Vero quia dolores nesciunt nemo. Qui molestiae sit ipsa a rerum.', 0, '2019-08-18 02:45:09', '2019-08-18 02:45:09'),
(76, 48, 'Roxanne Jacobi V', 'Qui odio quod est cupiditate sunt eius. Perspiciatis consectetur mollitia atque quam. Quaerat ut ea consequatur accusamus dolores vel.', 5, '2019-08-18 02:45:09', '2019-08-18 02:45:09'),
(77, 29, 'Mr. Lawrence Connelly IV', 'A libero maiores in sapiente qui et ea. Aut aut aliquid dolorem autem qui. Enim quisquam excepturi facilis veniam voluptate vel in.', 2, '2019-08-18 02:45:09', '2019-08-18 02:45:09'),
(78, 15, 'Alessia Cremin', 'Et aut dolores voluptas neque mollitia. Quia debitis et aut voluptate molestiae impedit. Optio qui quis eius. Quia quo sed eligendi dolore quam possimus.', 5, '2019-08-18 02:45:09', '2019-08-18 02:45:09'),
(79, 22, 'Raul Kulas V', 'Qui quisquam ducimus sed perspiciatis rerum. Qui eos enim laboriosam eaque distinctio maxime voluptas. Voluptatum a sit id eos et corporis.', 3, '2019-08-18 02:45:09', '2019-08-18 02:45:09'),
(80, 40, 'Dr. Ellis Leuschke PhD', 'Aperiam quis ut consequatur et amet sit aut architecto. Omnis ut nobis sed et sint architecto dolorem. Cum id voluptatem ut. Repellat unde est rerum laudantium soluta incidunt.', 4, '2019-08-18 02:45:09', '2019-08-18 02:45:09'),
(81, 1, 'Jackeline Bosco', 'Ipsam est perspiciatis magni inventore eveniet mollitia vel. Possimus voluptas ipsam repellat qui. Quis excepturi magnam ipsum fugit maxime repudiandae. Officiis doloribus alias similique omnis.', 4, '2019-08-18 02:45:09', '2019-08-18 02:45:09'),
(82, 6, 'Prof. Osvaldo Roberts I', 'Modi iure ipsum consequatur animi nihil qui. Tempore et et necessitatibus sequi. Dolor cupiditate fugit officia facere.', 3, '2019-08-18 02:45:09', '2019-08-18 02:45:09'),
(83, 14, 'Samson Kutch', 'At fuga voluptate quidem tempora modi sed. Consequuntur et repellendus cum est quia voluptate. Et atque odit sed sint eligendi.', 0, '2019-08-18 02:45:09', '2019-08-18 02:45:09'),
(84, 46, 'Emmalee Lang', 'Impedit dolorum enim est neque. Doloremque minima laudantium hic dicta ipsam aspernatur sint pariatur. Occaecati rerum cum expedita eveniet ipsam distinctio ut excepturi.', 0, '2019-08-18 02:45:09', '2019-08-18 02:45:09'),
(85, 47, 'Antone Boyer', 'Ut eum aut quo. Saepe a accusamus corrupti nam nobis sequi similique. Omnis dolor quibusdam aliquid quis nisi.', 1, '2019-08-18 02:45:09', '2019-08-18 02:45:09'),
(86, 42, 'Miss Glenna Feeney DVM', 'Vitae et odit ad sed aut modi cupiditate iste. Et rem itaque non facere necessitatibus. Consequatur ab sint sint ut. Rerum qui tempora vitae optio officiis.', 4, '2019-08-18 02:45:09', '2019-08-18 02:45:09'),
(87, 7, 'Cayla Hoppe', 'Distinctio non ex alias assumenda consequatur quia ea voluptatem. Necessitatibus id suscipit nemo. Eligendi laboriosam maxime nesciunt molestias iure. Neque nobis sed quos quibusdam quibusdam.', 1, '2019-08-18 02:45:09', '2019-08-18 02:45:09'),
(88, 20, 'Watson Mills', 'Laudantium impedit quo non error omnis. Natus rerum quis laboriosam et temporibus ad aut. Saepe nisi ex esse a dolores omnis debitis. Sed mollitia omnis eligendi ex. Dignissimos amet nulla dolore rerum a.', 1, '2019-08-18 02:45:09', '2019-08-18 02:45:09'),
(89, 6, 'Prof. Hayley Green DDS', 'Sed et aut aut. Rerum molestiae eum tenetur dolores quis. Ut aut voluptatem ea et aliquid sit.', 0, '2019-08-18 02:45:09', '2019-08-18 02:45:09'),
(90, 29, 'Miguel Waters II', 'Perferendis consequatur nihil qui occaecati. Enim distinctio vel nihil qui est adipisci. Repellat nobis nemo veritatis et. Sequi nisi ullam quo.', 2, '2019-08-18 02:45:09', '2019-08-18 02:45:09'),
(91, 20, 'Robb Waelchi II', 'Temporibus sed enim nisi laudantium totam asperiores. Id quibusdam et ut nam animi. Maiores qui quia dicta qui voluptas eos consequatur.', 1, '2019-08-18 02:45:09', '2019-08-18 02:45:09'),
(92, 28, 'Raven Bruen', 'Eum quod soluta quis voluptates similique qui. Doloribus nobis non enim cum. Omnis qui nulla voluptatem ut voluptate quam a. Alias assumenda esse maiores aperiam est.', 4, '2019-08-18 02:45:09', '2019-08-18 02:45:09'),
(93, 20, 'Rogers Daniel', 'Sit et sit fugit sed. Quam tempore veniam excepturi aliquid consequatur beatae. Accusantium rerum repudiandae sapiente quas.', 0, '2019-08-18 02:45:09', '2019-08-18 02:45:09'),
(94, 31, 'Ara Konopelski', 'Rerum et delectus aperiam consequatur accusantium. Aut voluptas aut est omnis saepe rem.', 1, '2019-08-18 02:45:09', '2019-08-18 02:45:09'),
(95, 32, 'Karen Satterfield', 'Et possimus consectetur dolor eos. Ut natus qui laudantium ipsam. Voluptatem culpa magni fugit possimus error non. Totam et minus velit in voluptatem.', 0, '2019-08-18 02:45:09', '2019-08-18 02:45:09'),
(96, 27, 'Jacinthe Padberg', 'Sapiente officia ratione nesciunt illo sed et. Et aut omnis qui autem totam veritatis consequatur. Quos eveniet consectetur est. Mollitia reiciendis ut a veritatis placeat.', 3, '2019-08-18 02:45:09', '2019-08-18 02:45:09'),
(97, 19, 'Dr. Terrill White', 'Neque saepe ipsam id quia. Ullam voluptas possimus numquam nam omnis. Aut similique similique ducimus aliquid rem est. Ipsa velit et quae aliquid repellendus.', 0, '2019-08-18 02:45:09', '2019-08-18 02:45:09'),
(98, 20, 'Gretchen Klocko', 'Quaerat voluptatem velit et dolorem omnis officia. Aspernatur aliquid velit non odit aliquid. Officia eum asperiores quasi enim est corporis.', 2, '2019-08-18 02:45:09', '2019-08-18 02:45:09'),
(99, 49, 'Ricardo O\'Kon', 'Voluptas sunt qui laudantium doloremque eum corporis. Ipsa ea tempora et quis incidunt non accusantium nihil. Et odio quia corporis veniam dolor fuga. Repudiandae in corrupti et aperiam ea.', 4, '2019-08-18 02:45:09', '2019-08-18 02:45:09'),
(100, 26, 'Gaylord Franecki', 'Sequi aut sit in aut sapiente omnis et deserunt. A porro voluptate sint non laboriosam ex aut blanditiis. Odit sunt voluptas vitae neque iusto cumque voluptates aliquam. Sit occaecati at exercitationem exercitationem sunt repellat.', 5, '2019-08-18 02:45:09', '2019-08-18 02:45:09'),
(101, 31, 'Salvatore Pfannerstill', 'Totam qui autem minima distinctio. Tenetur ad atque tempore. Ea dolorem aspernatur eligendi dolorem. Aut natus qui sint quia et aspernatur.', 3, '2019-08-18 02:45:09', '2019-08-18 02:45:09'),
(102, 17, 'Concepcion Moore', 'Quod qui quia fugiat reiciendis vitae. Maiores expedita quo consectetur est nihil. Consequatur maxime autem dolore. Praesentium quam fuga ex incidunt sed.', 1, '2019-08-18 02:45:09', '2019-08-18 02:45:09'),
(103, 28, 'Bria Bernier MD', 'Quos provident assumenda est amet. Quibusdam recusandae molestiae quae fugit adipisci illo. Quia aspernatur et doloribus voluptas rerum et perferendis. Illum quia aliquam qui sit et. Voluptatem deleniti delectus quos rem consectetur.', 1, '2019-08-18 02:45:09', '2019-08-18 02:45:09'),
(104, 8, 'Felicia Hickle', 'Consequatur magnam quae eum in ut ex dolorem. Maxime sed repudiandae consequatur sit.', 5, '2019-08-18 02:45:09', '2019-08-18 02:45:09'),
(105, 1, 'Cristina Luettgen', 'Est ut placeat sit culpa. Consequatur doloremque doloribus dolores quo. Reprehenderit fugiat libero est porro officia et quae.', 1, '2019-08-18 02:45:09', '2019-08-18 02:45:09'),
(106, 1, 'Dr. Andy Legros DVM', 'Sequi ut ea id veniam dolores quibusdam soluta ea. Quidem explicabo est vero magni et consequuntur. Hic voluptates aut assumenda error nihil qui vitae.', 5, '2019-08-18 02:45:09', '2019-08-18 02:45:09'),
(107, 2, 'Rosario Schamberger', 'Rem eaque eos nemo dolore. Tenetur odio pariatur est ut. Non error ea nisi veniam et ab minus.', 4, '2019-08-18 02:45:09', '2019-08-18 02:45:09'),
(108, 39, 'Karelle Torphy', 'In quam eum asperiores ratione exercitationem quidem voluptas. Atque id sit sed accusamus. Voluptas nemo pariatur maxime molestiae minus unde enim. Dolor minima vel natus incidunt assumenda. Dicta dolore eos quos sit dolor.', 2, '2019-08-18 02:45:09', '2019-08-18 02:45:09'),
(109, 43, 'Mr. Clint Nolan II', 'Aperiam dolores in laboriosam et nemo sed. Qui sit provident inventore doloribus. Sit ab saepe temporibus delectus sit repudiandae laborum eligendi.', 2, '2019-08-18 02:45:09', '2019-08-18 02:45:09'),
(110, 25, 'Prof. Hillard Thiel DVM', 'Architecto atque et esse consectetur modi occaecati est. Similique autem rerum nobis voluptas rerum. Quis vel id error laudantium fugiat.', 1, '2019-08-18 02:45:09', '2019-08-18 02:45:09'),
(111, 17, 'Andy Heller', 'Quaerat voluptatem excepturi et natus. Distinctio dolores et exercitationem sequi fugiat natus. Fuga officia consequatur earum aliquid. Qui autem id possimus iusto.', 3, '2019-08-18 02:45:09', '2019-08-18 02:45:09'),
(112, 41, 'Mr. Travis Shanahan II', 'Quaerat quae mollitia quo voluptatem. Atque tenetur omnis ratione. Ut quisquam quae neque ducimus aut. Ea dolore sed dolorem voluptas laborum incidunt.', 0, '2019-08-18 02:45:09', '2019-08-18 02:45:09'),
(113, 5, 'Mr. Roel Howe', 'Eum ratione aut laborum. Rerum fuga vitae labore est esse. Molestiae et omnis ab quisquam magni aut tenetur vitae. Iste tempore qui quo dicta fuga enim at.', 5, '2019-08-18 02:45:09', '2019-08-18 02:45:09'),
(114, 26, 'Osbaldo Ullrich', 'Qui modi soluta quisquam labore. Iusto assumenda eveniet molestiae reiciendis animi vitae nemo quia. Expedita animi nobis recusandae quaerat.', 0, '2019-08-18 02:45:09', '2019-08-18 02:45:09'),
(115, 22, 'Miss Maya Barton', 'Maxime consequatur fuga sit quis. Fugit necessitatibus repellendus quis expedita inventore architecto. Illum impedit dignissimos provident omnis ipsum quo.', 1, '2019-08-18 02:45:09', '2019-08-18 02:45:09'),
(116, 50, 'Gust Hackett', 'Consequatur aut amet non molestiae. Libero minima at sit distinctio. Dolor repellendus suscipit inventore sed et. Nihil sed eveniet quibusdam aliquam aut alias. Fuga inventore ipsum officia nihil suscipit error.', 1, '2019-08-18 02:45:09', '2019-08-18 02:45:09'),
(117, 12, 'Laurie Parker IV', 'Et autem eaque quae. Eius et nihil debitis quo. Ullam eaque dolorem incidunt dolores ipsam. Aut ut itaque adipisci.', 4, '2019-08-18 02:45:09', '2019-08-18 02:45:09'),
(118, 20, 'Macie Wilderman', 'Aperiam neque blanditiis maiores. Fugit fugiat quia dolore et harum. Voluptatum dolores eos assumenda. Magnam totam voluptate praesentium aspernatur itaque deleniti.', 1, '2019-08-18 02:45:09', '2019-08-18 02:45:09'),
(119, 16, 'Darren Marvin', 'Qui voluptas officiis molestiae facilis. Deserunt sit et iste animi veritatis earum. Eaque eos est voluptatem. Qui excepturi quis debitis eius.', 4, '2019-08-18 02:45:09', '2019-08-18 02:45:09'),
(120, 6, 'Ryan Mohr', 'Officia delectus vel voluptatem unde. Cum tenetur similique consequatur omnis provident. Officia consectetur mollitia soluta a amet id et. Officia aut debitis eius molestiae.', 3, '2019-08-18 02:45:09', '2019-08-18 02:45:09'),
(121, 4, 'Prof. Efren Berge PhD', 'Error aut delectus nemo. Et optio omnis dolorum officiis atque doloremque est iste. Dignissimos placeat eligendi soluta nemo.', 3, '2019-08-18 02:45:09', '2019-08-18 02:45:09'),
(122, 25, 'Beryl Prosacco', 'Fuga reprehenderit et natus laborum expedita repellat. Eaque veritatis quisquam eaque numquam consectetur. Iure consequatur mollitia dignissimos iste eum minus ipsam. Aut quibusdam cumque earum et et qui.', 4, '2019-08-18 02:45:09', '2019-08-18 02:45:09'),
(123, 26, 'Prof. Maryjane Schiller', 'Exercitationem debitis corporis consequatur dolores facilis dolorem dolorem. Soluta minus maxime nam nam cupiditate molestias provident. Nostrum mollitia ut reiciendis quae voluptatem.', 1, '2019-08-18 02:45:09', '2019-08-18 02:45:09'),
(124, 49, 'Lia Lockman', 'Quidem quia a veniam a inventore et. Doloribus debitis rerum perspiciatis dolorem.', 3, '2019-08-18 02:45:09', '2019-08-18 02:45:09'),
(125, 27, 'Ms. Rosalia King', 'Tenetur est ad aut. Suscipit cupiditate vitae provident animi ut. Officia dolor eaque provident molestiae exercitationem aut nihil.', 4, '2019-08-18 02:45:09', '2019-08-18 02:45:09'),
(126, 10, 'Selmer Connelly', 'Vero iusto quis qui voluptas voluptas. Eius accusantium doloribus sunt dignissimos id commodi quo. Voluptatem et sit fuga explicabo rem rem. Est unde qui eius vero fuga.', 3, '2019-08-18 02:45:09', '2019-08-18 02:45:09'),
(127, 48, 'Tyrel Johnston', 'Aliquam vel tempore deleniti qui accusantium dignissimos est. Necessitatibus voluptates similique fugiat enim nihil autem nisi. Sint ut ut nisi placeat in quaerat.', 4, '2019-08-18 02:45:09', '2019-08-18 02:45:09'),
(128, 21, 'Rosario Marks', 'Perspiciatis eum sapiente eos omnis qui nostrum. Dolorum reprehenderit consequatur et. Dicta reprehenderit odit impedit est nobis. Rerum incidunt recusandae sunt non molestiae.', 4, '2019-08-18 02:45:09', '2019-08-18 02:45:09'),
(129, 39, 'Alice Osinski', 'Temporibus est voluptatem quis autem quas deserunt. Aut facilis illum ratione repudiandae qui quia eligendi. Quibusdam labore nihil expedita et inventore quod ipsa.', 1, '2019-08-18 02:45:09', '2019-08-18 02:45:09'),
(130, 39, 'Marques Glover', 'Ut reiciendis illo qui ut natus cumque eum totam. Consequuntur sed consectetur est eius molestias unde quis. Sit atque velit minima natus est deleniti. Voluptatem explicabo enim aut placeat.', 0, '2019-08-18 02:45:09', '2019-08-18 02:45:09'),
(131, 1, 'Luna O\'Conner', 'Omnis quis quo porro quia ipsa velit. Quia totam dolore voluptatem consequatur repellat et. At quis nam placeat sed deserunt minus id.', 3, '2019-08-18 02:45:09', '2019-08-18 02:45:09'),
(132, 29, 'Steve Johnson Jr.', 'Molestias velit qui nemo qui. Eligendi nihil sapiente voluptatem aliquid sit aut. Modi reiciendis et aut omnis omnis est. Omnis ut nisi suscipit eaque blanditiis eum atque.', 4, '2019-08-18 02:45:09', '2019-08-18 02:45:09'),
(133, 39, 'Katrina Walter', 'Nostrum dolore dolorum et ab impedit voluptatibus ea. Beatae corporis laudantium incidunt eum placeat. Placeat minima voluptatem tempora debitis omnis tempora quis.', 2, '2019-08-18 02:45:09', '2019-08-18 02:45:09'),
(134, 3, 'Gardner Barrows', 'Beatae suscipit in recusandae dolores amet officiis odit. Exercitationem praesentium quis quisquam perspiciatis laboriosam voluptas ex. Ipsum aliquid iste eaque libero ea. Et accusantium nihil sint sed eum unde voluptate aspernatur. Consequatur alias rerum fugit est sit maxime aut.', 1, '2019-08-18 02:45:09', '2019-08-18 02:45:09'),
(135, 47, 'Claudie Green', 'Et commodi pariatur occaecati iste omnis fugit ea. Quaerat laborum tempore molestiae eos laborum qui quis. Nihil dicta molestiae officiis quia praesentium. Asperiores id consectetur officiis reprehenderit modi.', 0, '2019-08-18 02:45:09', '2019-08-18 02:45:09'),
(136, 35, 'Ms. Jennyfer Morissette MD', 'Ad aut exercitationem maxime in. Qui iusto aperiam quisquam qui ex. Eos deserunt voluptatem sint.', 0, '2019-08-18 02:45:09', '2019-08-18 02:45:09'),
(137, 42, 'Laron Stiedemann', 'Et non maxime delectus dolor quae voluptatem. Eum quia officiis molestias maiores. Molestias sint et odio voluptatem molestiae. Tenetur dolor sint nihil a earum quas quidem fugit.', 4, '2019-08-18 02:45:09', '2019-08-18 02:45:09'),
(138, 7, 'Brady Schowalter', 'Incidunt adipisci saepe repellendus minus officia voluptas. Modi nostrum at neque et accusantium aut. In placeat commodi sunt.', 0, '2019-08-18 02:45:09', '2019-08-18 02:45:09'),
(139, 9, 'Murray Rau', 'In et laudantium commodi. Provident eligendi dolorem voluptas magnam. Deserunt aperiam quis aut voluptas. Rem ipsam officiis ut ullam.', 0, '2019-08-18 02:45:09', '2019-08-18 02:45:09'),
(140, 30, 'Prof. Jaydon Mitchell', 'Earum itaque ipsa laudantium repudiandae error dolor esse sed. Quis qui tempore architecto ut. Omnis ipsa quis atque et accusantium velit iusto. Enim quis laborum quibusdam in laudantium est.', 2, '2019-08-18 02:45:09', '2019-08-18 02:45:09'),
(141, 2, 'Juanita Herman', 'Quas et consequatur rerum iste. Pariatur omnis atque quia tempora non. Incidunt excepturi modi nihil et rerum rerum. Quia temporibus est illo possimus ipsa debitis.', 4, '2019-08-18 02:45:09', '2019-08-18 02:45:09'),
(142, 49, 'Dr. Mathilde Green', 'Qui est maiores veritatis unde odit omnis est. Sit nesciunt rem saepe atque. Totam aut fuga quos dolorum. Et natus cum explicabo enim. Et eum dolor magnam illo.', 0, '2019-08-18 02:45:09', '2019-08-18 02:45:09'),
(143, 2, 'Edwardo Oberbrunner', 'Omnis quaerat aut rem iure dolorum quibusdam distinctio. Repellendus quas quia voluptate enim a. Autem quas vel sapiente est ullam. Et omnis autem natus aperiam.', 4, '2019-08-18 02:45:09', '2019-08-18 02:45:09'),
(144, 2, 'Jonathon Mertz', 'Occaecati molestiae odit facere. Ratione dolor magni et fugiat doloremque aut asperiores. Saepe minima corporis aliquid possimus.', 0, '2019-08-18 02:45:09', '2019-08-18 02:45:09'),
(145, 25, 'Candelario Bechtelar', 'Sunt aspernatur et sequi totam amet veniam. Dolores est quos debitis exercitationem sit. Officia commodi ullam at voluptate voluptates nemo rem. Adipisci et omnis natus sed est quo tempore soluta.', 4, '2019-08-18 02:45:09', '2019-08-18 02:45:09'),
(146, 23, 'Marquise Trantow', 'Odit sit qui fugiat omnis aliquid. Sint itaque voluptate enim reiciendis necessitatibus aut omnis. Ducimus amet dolor et saepe illo vel. Et nihil inventore aut iste deleniti vel consectetur.', 4, '2019-08-18 02:45:09', '2019-08-18 02:45:09'),
(147, 10, 'Ed Cormier', 'Magni quia aut harum cupiditate tempora dolores laboriosam. Atque quod aut quasi est. At consequatur reprehenderit recusandae eaque ut. Ut amet et commodi aperiam.', 4, '2019-08-18 02:45:09', '2019-08-18 02:45:09'),
(148, 26, 'Catharine Lehner', 'Perferendis et quia fugit in velit voluptas repellendus. Perferendis repellendus enim molestiae voluptate. Voluptatem molestiae quia voluptatum vero qui aut dolor voluptate. Architecto quis autem minus delectus voluptates.', 0, '2019-08-18 02:45:09', '2019-08-18 02:45:09'),
(149, 18, 'Doris Fadel', 'Recusandae fugit aut soluta eaque. Rem repudiandae aut mollitia vel molestiae. Consequatur possimus asperiores tempora qui velit facilis.', 0, '2019-08-18 02:45:09', '2019-08-18 02:45:09'),
(150, 6, 'Karli Trantow III', 'Dolorem aut qui est odio ullam similique. Ut unde sed culpa sint. Rerum qui consequuntur voluptate rerum exercitationem tenetur. Aut incidunt tenetur laboriosam sequi facere ut.', 0, '2019-08-18 02:45:09', '2019-08-18 02:45:09'),
(151, 47, 'Prof. Bruce Stracke', 'Amet modi est mollitia deleniti sunt. Cupiditate qui voluptatem ipsum itaque repellendus illum enim repudiandae. Aut voluptatem id officiis id numquam sapiente.', 0, '2019-08-18 02:45:09', '2019-08-18 02:45:09'),
(152, 29, 'Odie Romaguera', 'Quia dolorem maiores enim quos possimus voluptatem. Atque quae voluptatem quisquam id. Nesciunt molestias sed magni molestias est aliquid. Non impedit consectetur ipsum voluptas eveniet sit. Est consequatur ipsum dolorum quaerat sed quasi.', 0, '2019-08-18 02:45:09', '2019-08-18 02:45:09'),
(153, 23, 'Ms. Alfreda Jacobs MD', 'Omnis aspernatur unde sit dolorem praesentium. Laborum placeat iure autem amet temporibus. Quo debitis corrupti omnis qui. Corrupti molestiae qui sed in architecto fugit. Enim temporibus id atque aliquid rerum et nisi.', 5, '2019-08-18 02:45:09', '2019-08-18 02:45:09'),
(154, 21, 'Luis Dickens', 'Nihil sed tenetur iste libero. Neque vero laboriosam numquam et asperiores similique fugiat vel. Debitis laborum similique ad quam consequatur et reiciendis labore.', 4, '2019-08-18 02:45:09', '2019-08-18 02:45:09'),
(155, 25, 'Hazel Gottlieb', 'Repudiandae nesciunt quis beatae facilis accusantium repellat est. Quae et sed sunt et delectus sint. Hic voluptate omnis minima quaerat similique dolores est fugiat. Adipisci autem ut distinctio asperiores culpa sed.', 2, '2019-08-18 02:45:09', '2019-08-18 02:45:09'),
(156, 37, 'Mrs. Amira Nienow', 'Nemo illum inventore necessitatibus at ipsa provident. Iste sed fugit eum unde aut. Omnis qui est sed. Occaecati in dolorum perferendis illum nobis.', 4, '2019-08-18 02:45:09', '2019-08-18 02:45:09'),
(157, 15, 'Miss Leonor Bruen DVM', 'Incidunt facere dolorum qui aspernatur. Ad facilis a maxime iusto aut. Occaecati voluptatem distinctio odio quis quo repudiandae alias.', 2, '2019-08-18 02:45:09', '2019-08-18 02:45:09'),
(158, 35, 'Hertha Lynch', 'Officiis perferendis accusantium hic eos rerum sed corporis. Non quibusdam et blanditiis. Quidem recusandae quis recusandae vero.', 2, '2019-08-18 02:45:09', '2019-08-18 02:45:09'),
(159, 17, 'Prof. Mason Gerhold', 'Hic quo in quae quidem sit. Aut sit molestias debitis minus dolor. Laboriosam repellat autem fugit quos in ipsam aut et. Quia ipsa voluptate numquam necessitatibus atque. Sed facere velit dolore omnis aspernatur.', 2, '2019-08-18 02:45:09', '2019-08-18 02:45:09'),
(160, 16, 'Leora Bechtelar I', 'Sit commodi dolores aliquam deserunt consequuntur illum. Facere non iste aliquid quis. Fuga quia corporis quae explicabo quo.', 2, '2019-08-18 02:45:09', '2019-08-18 02:45:09'),
(161, 26, 'Yasmin Klein', 'Omnis qui omnis qui voluptates eveniet architecto. Optio velit consectetur non ea rerum ipsa. Iure ratione aspernatur molestiae fuga dolorum expedita.', 0, '2019-08-18 02:45:09', '2019-08-18 02:45:09'),
(162, 2, 'Kristy Rau', 'Non rerum dolores iure atque. Cumque quo voluptatem optio voluptatem. Nesciunt autem quo nulla hic. Rerum cum maxime velit assumenda unde. Ut sapiente molestiae aut adipisci dolorum et.', 2, '2019-08-18 02:45:09', '2019-08-18 02:45:09'),
(163, 16, 'Nakia Barton', 'Illum sit excepturi reiciendis cupiditate repudiandae suscipit. Aut velit omnis eos sint necessitatibus quisquam dolorum.', 0, '2019-08-18 02:45:09', '2019-08-18 02:45:09'),
(164, 47, 'Wilfred Mohr Jr.', 'Eveniet cumque qui aperiam hic quibusdam in debitis. Quam aut qui dolore ea quam. Blanditiis voluptatibus excepturi nihil placeat natus ea explicabo.', 3, '2019-08-18 02:45:09', '2019-08-18 02:45:09'),
(165, 13, 'Jaylan Beier Jr.', 'At distinctio esse modi autem quidem. Accusamus voluptatibus et sapiente quidem ex id earum. Hic omnis totam debitis excepturi. Corporis explicabo veritatis repudiandae quia illo.', 0, '2019-08-18 02:45:09', '2019-08-18 02:45:09'),
(166, 19, 'Noemie Mayert', 'Voluptates qui aut animi soluta repellat veritatis. Facilis dolor aliquam eum velit et ipsam. Exercitationem iusto dolorem nostrum nesciunt et eum eos. Omnis voluptas asperiores quasi ea sit a rerum.', 0, '2019-08-18 02:45:09', '2019-08-18 02:45:09'),
(167, 24, 'Prof. Kaycee Stanton MD', 'Ut fugiat voluptatum expedita. Sit fugit eaque recusandae at. Molestiae nihil neque eos quo. Illum modi est atque sint sequi.', 5, '2019-08-18 02:45:09', '2019-08-18 02:45:09'),
(168, 22, 'Kody Stanton', 'Et non voluptas perferendis debitis velit odio porro ratione. Cum occaecati vel ad ab. Cupiditate unde nam impedit.', 0, '2019-08-18 02:45:09', '2019-08-18 02:45:09'),
(169, 25, 'Mariela Bradtke', 'Recusandae sint molestias aut commodi. Culpa nulla natus similique debitis. Possimus commodi expedita non unde totam ipsum reiciendis.', 2, '2019-08-18 02:45:09', '2019-08-18 02:45:09'),
(170, 29, 'Sallie Bergnaum V', 'Voluptatem eum expedita quaerat quos consequatur quos. Et voluptatem necessitatibus fuga veniam. Sapiente maiores qui ducimus quo tenetur repudiandae autem qui.', 2, '2019-08-18 02:45:09', '2019-08-18 02:45:09'),
(171, 37, 'Kiel Hintz', 'Quaerat asperiores autem porro sint sapiente atque debitis. Asperiores optio eos repellendus dolorem animi placeat. Rerum minus labore doloremque nostrum voluptatem vitae et.', 0, '2019-08-18 02:45:09', '2019-08-18 02:45:09'),
(172, 27, 'Deron Reichel Sr.', 'Consectetur ut dolores et et quis aut. Totam voluptates eaque consequatur eaque et. Minus corporis minus quasi velit sapiente animi maxime.', 3, '2019-08-18 02:45:09', '2019-08-18 02:45:09'),
(173, 33, 'Makayla Keeling DVM', 'Qui temporibus autem et. Ea molestias ratione rerum nihil dolor excepturi voluptas. Totam quasi consectetur ratione molestiae nemo dolor dolores.', 5, '2019-08-18 02:45:09', '2019-08-18 02:45:09'),
(174, 30, 'Ola Shields', 'Aspernatur provident nesciunt modi molestiae. Illo modi voluptas quis sit. Ut rerum corrupti dignissimos reprehenderit perspiciatis praesentium aut. Et vero et optio aut totam delectus iste.', 2, '2019-08-18 02:45:09', '2019-08-18 02:45:09'),
(175, 11, 'Hermann Schroeder', 'Autem non itaque et optio. Non enim nemo magni aut tempora. Nisi ex dicta sequi.', 0, '2019-08-18 02:45:09', '2019-08-18 02:45:09'),
(176, 29, 'Prof. Frances Morar MD', 'Qui autem minima dolorem aut voluptas. Voluptatum rerum est neque ad odit. Aut et sunt eligendi. Occaecati enim doloribus tempore id aut deleniti magnam. Excepturi ea et itaque sit sunt minus.', 1, '2019-08-18 02:45:09', '2019-08-18 02:45:09'),
(177, 18, 'Miss Emma Aufderhar', 'Et repellat sint quas aut accusamus ut. Quo fuga itaque qui nihil saepe quibusdam voluptatem. Quia temporibus et quo assumenda qui eligendi. Deleniti iure et sed error.', 3, '2019-08-18 02:45:09', '2019-08-18 02:45:09'),
(178, 24, 'Mrs. Sunny Mitchell', 'Qui enim et numquam voluptatum officiis. Quo dolorem qui numquam molestiae excepturi quod.', 1, '2019-08-18 02:45:09', '2019-08-18 02:45:09'),
(179, 30, 'Prof. Zechariah Gerlach', 'Aliquid non sit error quia error. Est consectetur omnis mollitia aut. Molestias commodi facere iure qui. Rem quia error hic molestiae.', 4, '2019-08-18 02:45:09', '2019-08-18 02:45:09'),
(180, 7, 'Marcus Kshlerin Jr.', 'Quia ut dolores architecto. Quos ut facere aut vero aut. Recusandae quia enim voluptatem blanditiis. Eveniet sequi sint nobis est incidunt sunt.', 3, '2019-08-18 02:45:09', '2019-08-18 02:45:09'),
(181, 36, 'Aniyah O\'Kon', 'Minus ea accusamus libero qui. Debitis accusantium aut cupiditate harum natus ut in repellendus. Dolor cum vel est dolores architecto necessitatibus. Eos earum minima aut illum exercitationem. Nobis voluptatem enim consequatur laudantium aut consequuntur.', 0, '2019-08-18 02:45:09', '2019-08-18 02:45:09'),
(182, 8, 'Danielle Simonis', 'Cumque a unde enim est. Repellendus excepturi rerum est magnam hic nulla. Et placeat iure est nesciunt excepturi quia. Provident blanditiis et deleniti.', 2, '2019-08-18 02:45:09', '2019-08-18 02:45:09'),
(183, 39, 'Mrs. Mina Jast II', 'Omnis dolorem aut ipsa dolor cumque. Placeat non magni molestiae incidunt. Dolorem sed provident hic magnam.', 3, '2019-08-18 02:45:09', '2019-08-18 02:45:09'),
(184, 45, 'Candelario Leuschke', 'Quas asperiores dolorem eius aut repellendus repellendus. Odit dolor earum voluptatum veritatis. Corporis nemo accusamus quas voluptate necessitatibus ut. Dignissimos facilis occaecati reprehenderit neque.', 2, '2019-08-18 02:45:09', '2019-08-18 02:45:09'),
(185, 27, 'Gudrun Lueilwitz', 'Quam tempora tempore dolores voluptatibus. Incidunt reprehenderit ratione alias ab eligendi. Iste repellendus pariatur sunt ea debitis. Libero placeat quaerat at et nam sed impedit.', 4, '2019-08-18 02:45:09', '2019-08-18 02:45:09'),
(186, 32, 'Clarabelle Hauck II', 'Eveniet qui perferendis sit quia tempore provident est illum. Quia quis velit quia quibusdam cumque. Possimus veritatis laborum velit consequatur praesentium ex. Ullam non incidunt deserunt.', 3, '2019-08-18 02:45:09', '2019-08-18 02:45:09'),
(187, 33, 'Mrs. Madalyn Spinka DVM', 'Dolore tenetur saepe sunt optio ut sunt rerum. Dolor vel qui dicta omnis voluptatum quisquam culpa impedit. Et nesciunt eos eos placeat autem. Sit dolores labore ut.', 0, '2019-08-18 02:45:09', '2019-08-18 02:45:09'),
(188, 10, 'Brody Rippin', 'Modi quis possimus et. At hic perspiciatis consequatur ut vel sapiente. Unde iste quia ipsam qui consequatur qui. Vero illum debitis ipsa dicta reprehenderit deleniti nisi.', 5, '2019-08-18 02:45:09', '2019-08-18 02:45:09'),
(189, 21, 'Skye Mosciski', 'Iusto fuga assumenda reiciendis eveniet velit molestiae. Eum aut unde cumque omnis nobis ipsa. Voluptas nihil illo facilis aut. Minus nobis deserunt reiciendis.', 3, '2019-08-18 02:45:09', '2019-08-18 02:45:09'),
(190, 37, 'Haven Cole DVM', 'Maxime natus eveniet velit veniam aspernatur dignissimos quam. Sunt molestias aspernatur numquam omnis distinctio ut. Qui voluptatum aut voluptate voluptatem. Eligendi error et et laboriosam.', 0, '2019-08-18 02:45:09', '2019-08-18 02:45:09'),
(191, 23, 'Marilou Wisoky', 'Et voluptas architecto dolorum exercitationem. Pariatur dolor nostrum autem magnam voluptas ea quod culpa. Est quia ut aliquid nulla. Et fuga repellat et accusamus.', 4, '2019-08-18 02:45:09', '2019-08-18 02:45:09'),
(192, 1, 'Dr. Maye Larson II', 'Beatae dolore totam qui pariatur deserunt consequatur sed. Architecto qui enim est consequatur quis.', 5, '2019-08-18 02:45:09', '2019-08-18 02:45:09'),
(193, 19, 'Keanu Weimann', 'Inventore nisi molestiae et vel. Sequi qui laboriosam magnam vel impedit. Sed a quo nam natus eum magni odio. Dignissimos reiciendis alias earum quisquam eum reprehenderit tenetur reiciendis.', 1, '2019-08-18 02:45:09', '2019-08-18 02:45:09'),
(194, 47, 'Mr. Fidel Harber', 'Repudiandae voluptatem officiis quo incidunt. Ut quis alias eveniet at consequuntur ut adipisci. Eligendi dolore qui et quas. Vel architecto quod illum odio.', 2, '2019-08-18 02:45:09', '2019-08-18 02:45:09'),
(195, 5, 'Brycen Ryan MD', 'Necessitatibus eius dolor error magnam ipsum. Quaerat ut qui aut eveniet vel vero.', 2, '2019-08-18 02:45:09', '2019-08-18 02:45:09'),
(196, 15, 'Glen Donnelly', 'Velit quam odio porro dignissimos cum earum id. Nesciunt sed eaque sed tempore reprehenderit ratione. Et illo ut nihil magnam. Et tenetur impedit natus ut. Voluptatem error aut modi non assumenda doloremque.', 4, '2019-08-18 02:45:09', '2019-08-18 02:45:09'),
(197, 41, 'Eladio Corkery MD', 'Eligendi molestias quod ut consequatur nostrum. Quis rerum quia eveniet facilis unde voluptatem a fugiat. Nemo perferendis at consequatur minima aliquam molestias. Dolor minus odio non est.', 0, '2019-08-18 02:45:09', '2019-08-18 02:45:09'),
(198, 22, 'Ms. Autumn Jerde DDS', 'Voluptatem beatae sunt in consectetur rerum. Totam ut magnam sit voluptate tempore quis. Suscipit voluptatem voluptate ut debitis. Et quam dolor officia et pariatur tempore.', 5, '2019-08-18 02:45:09', '2019-08-18 02:45:09'),
(199, 37, 'Anabelle Barton', 'Libero non iste dolore ut est. Et atque hic iure tempora porro qui quo optio. Adipisci optio id eligendi.', 1, '2019-08-18 02:45:09', '2019-08-18 02:45:09'),
(200, 15, 'Taryn Boyle', 'Dolor eius consequatur harum ab exercitationem. Ut atque officiis consequatur ut. Consequatur sed fugiat consequuntur. Necessitatibus numquam nesciunt qui ratione necessitatibus rerum dolorem.', 0, '2019-08-18 02:45:09', '2019-08-18 02:45:09'),
(201, 3, 'Mckenna Nolan', 'Est nesciunt omnis accusantium tempore cum porro. In omnis velit quos reiciendis dolor. Iure laudantium sunt beatae neque hic qui nihil cum. Ipsum voluptate voluptatibus eaque mollitia fuga rem.', 1, '2019-08-18 02:45:09', '2019-08-18 02:45:09'),
(202, 37, 'Adrian Moore', 'Animi praesentium quaerat autem voluptas. Ad sunt fugit voluptatum at qui quod. Eos eveniet deleniti qui. Consequatur odio quos adipisci minima et ipsa. Qui sunt exercitationem sit eius non quis quia.', 1, '2019-08-18 02:45:09', '2019-08-18 02:45:09'),
(203, 43, 'Paul Schmitt', 'Officiis provident et dignissimos quam sit. Minima et qui perspiciatis quia quia ut. Culpa alias animi sed qui. Officia vitae deserunt laudantium ut labore consequuntur quaerat deleniti.', 5, '2019-08-18 02:45:09', '2019-08-18 02:45:09'),
(204, 1, 'Ora Okuneva Sr.', 'Sed dolor repellendus mollitia et debitis. Ipsam et adipisci magni sint aliquid. Sunt et et aut sit. Eum et a iure sint illo earum cupiditate sint.', 4, '2019-08-18 02:45:09', '2019-08-18 02:45:09'),
(205, 39, 'Kennith Turcotte', 'In rem non non. Et aut ut soluta aperiam esse corrupti.', 5, '2019-08-18 02:45:09', '2019-08-18 02:45:09'),
(206, 34, 'Asa Lockman', 'Deserunt non quod provident autem aut at numquam. Tempore possimus quos velit. Aut nam alias et ut iusto quo.', 3, '2019-08-18 02:45:09', '2019-08-18 02:45:09');
INSERT INTO `reviews` (`id`, `product_id`, `customer`, `review`, `star`, `created_at`, `updated_at`) VALUES
(207, 35, 'Elnora Rowe II', 'Ut alias rerum dolore quas et aliquam. Unde fuga et sed. Harum consequatur incidunt quia.', 4, '2019-08-18 02:45:09', '2019-08-18 02:45:09'),
(208, 8, 'Jordan Boehm', 'Sit molestiae tempora quas eaque voluptas saepe. Accusantium ipsum sed ut quis amet natus incidunt. Vero libero sit qui velit nam soluta.', 0, '2019-08-18 02:45:09', '2019-08-18 02:45:09'),
(209, 1, 'Dr. Stanford Altenwerth MD', 'Et fugit necessitatibus deleniti ipsam rem. Nostrum et nostrum officia nisi voluptatibus neque. Labore quas amet exercitationem enim sit laborum nisi magni. Quis ut autem ut.', 1, '2019-08-18 02:45:09', '2019-08-18 02:45:09'),
(210, 23, 'Ulises Fisher', 'Veniam sapiente non nisi sequi in consequatur incidunt. Quia iure accusantium qui voluptas. Expedita provident qui corrupti a facere. Sequi minima provident nostrum cum suscipit voluptatem quis.', 0, '2019-08-18 02:45:09', '2019-08-18 02:45:09'),
(211, 7, 'Macie Veum', 'Eos nisi pariatur voluptatem et. Et autem impedit illum rem reprehenderit aut aut. Suscipit eum nihil ipsam fugit.', 4, '2019-08-18 02:45:09', '2019-08-18 02:45:09'),
(212, 14, 'Ernesto Funk', 'Voluptatum quod facilis similique enim quaerat. Aliquam iure enim nemo in.', 5, '2019-08-18 02:45:09', '2019-08-18 02:45:09'),
(213, 26, 'Darrin Gusikowski I', 'Eum eos sapiente earum nisi dolorem et mollitia. Incidunt ut molestiae aperiam non. Magni corporis est voluptatem. Aut est cupiditate ut.', 0, '2019-08-18 02:45:09', '2019-08-18 02:45:09'),
(214, 36, 'Ms. Jacquelyn Cummings V', 'Voluptatum eum laboriosam quaerat non quas assumenda distinctio. Non sapiente rerum vel ut dolores ut. Ipsum repellat ut error ut laborum. Possimus eaque explicabo minima tempora.', 1, '2019-08-18 02:45:09', '2019-08-18 02:45:09'),
(215, 50, 'Nora Shanahan', 'Sunt nihil magnam accusantium ut voluptas dolor. Temporibus vitae officia eaque ipsam expedita ea aut. Maiores recusandae et est cupiditate.', 3, '2019-08-18 02:45:09', '2019-08-18 02:45:09'),
(216, 18, 'Yvette Klein', 'Culpa quod et laborum unde eos. Unde corrupti nihil quas temporibus at. Officiis in enim at doloremque.', 2, '2019-08-18 02:45:09', '2019-08-18 02:45:09'),
(217, 29, 'Prof. Gisselle Swift', 'Eum esse adipisci voluptatibus corrupti consequuntur voluptas error illum. Nam ut quia dicta enim debitis earum dolorem. Inventore fugiat et qui et.', 3, '2019-08-18 02:45:09', '2019-08-18 02:45:09'),
(218, 17, 'Juanita Stokes IV', 'Nostrum aut est inventore consequatur velit ut quasi. Eaque non alias ut cum ut quibusdam est. Quos sit corporis blanditiis modi. Necessitatibus nihil quisquam placeat quos quae aut ratione nam.', 1, '2019-08-18 02:45:09', '2019-08-18 02:45:09'),
(219, 42, 'Harvey Nader V', 'Laudantium reiciendis id fugit distinctio iusto hic molestiae. Architecto ut quis officiis odio quas ducimus consequuntur. Perferendis quos sapiente dignissimos numquam debitis.', 5, '2019-08-18 02:45:09', '2019-08-18 02:45:09'),
(220, 23, 'Gregorio Daugherty', 'Nisi officia voluptatem qui impedit. Ea eos ipsam quo modi similique.', 4, '2019-08-18 02:45:09', '2019-08-18 02:45:09'),
(221, 6, 'Giovanni Runte', 'Similique blanditiis ut deleniti facere necessitatibus. Et qui rerum aut odit error assumenda error. Aut id velit iusto eum quo enim tempore. Voluptas assumenda minima et repudiandae.', 3, '2019-08-18 02:45:09', '2019-08-18 02:45:09'),
(222, 40, 'Zaria Schowalter', 'Nostrum et maxime incidunt cumque ipsum molestias. Commodi temporibus distinctio error ut. Et dolore est laboriosam. Dolorum quod omnis sint voluptatem quasi delectus.', 2, '2019-08-18 02:45:09', '2019-08-18 02:45:09'),
(223, 30, 'Prof. Immanuel Price PhD', 'Omnis vero et modi. Minima ut adipisci debitis blanditiis quis. Exercitationem porro cum dolorem asperiores et ab. Ut ducimus veniam laudantium eos.', 2, '2019-08-18 02:45:09', '2019-08-18 02:45:09'),
(224, 42, 'Lonnie Howe', 'Iure similique vitae quos ut voluptas consequatur eum. Aspernatur molestiae est est explicabo odio tempore soluta. Et veniam similique et maiores nam voluptate adipisci.', 2, '2019-08-18 02:45:09', '2019-08-18 02:45:09'),
(225, 15, 'Bradford Gibson Jr.', 'Similique unde voluptatem omnis distinctio consequatur ducimus labore. Non quia quisquam eaque. Quia id voluptas sed totam eius voluptates.', 1, '2019-08-18 02:45:09', '2019-08-18 02:45:09'),
(226, 48, 'Barton Leffler', 'Tempore non iste vel aliquid magnam dolores. Nihil perferendis reprehenderit qui perspiciatis. Alias voluptatem omnis facere totam illo sed.', 4, '2019-08-18 02:45:09', '2019-08-18 02:45:09'),
(227, 48, 'Ms. Addison Russel V', 'Expedita fugit deserunt sit possimus voluptatem magnam numquam. Qui et optio nemo id veniam repudiandae. Dolore tenetur tempore quo.', 2, '2019-08-18 02:45:09', '2019-08-18 02:45:09'),
(228, 22, 'Alice Mills', 'Culpa voluptate excepturi ducimus maiores. Explicabo sit quia enim deserunt. Harum quas voluptatibus impedit et sed.', 1, '2019-08-18 02:45:09', '2019-08-18 02:45:09'),
(229, 43, 'Ruthe Torphy', 'Dolorem ab dolorum eos laudantium. Nulla excepturi reiciendis rerum in. Doloribus sunt mollitia similique recusandae eum perspiciatis beatae.', 2, '2019-08-18 02:45:09', '2019-08-18 02:45:09'),
(230, 41, 'Celia Gutkowski', 'Atque voluptatem consequatur enim sed. Reprehenderit blanditiis quidem maiores non explicabo ratione. Temporibus reiciendis et nobis ipsum non deserunt quae.', 1, '2019-08-18 02:45:09', '2019-08-18 02:45:09'),
(231, 45, 'Breanna Nader', 'Architecto earum sapiente fuga facilis. Aut facilis rerum velit. A dolores molestiae numquam aut odio porro.', 2, '2019-08-18 02:45:09', '2019-08-18 02:45:09'),
(232, 3, 'Rachelle Lind', 'Sed minus quo voluptas qui nemo perspiciatis. Nisi perferendis id aliquam odit minima facilis. Esse delectus aut illo sed enim rem alias.', 5, '2019-08-18 02:45:09', '2019-08-18 02:45:09'),
(233, 3, 'Ollie Cummerata', 'Ipsum excepturi commodi alias commodi asperiores corrupti et. Architecto et quo voluptatem quasi illo.', 5, '2019-08-18 02:45:09', '2019-08-18 02:45:09'),
(234, 16, 'Carli Jast', 'Consequatur ullam nemo aspernatur sint qui ea similique. Praesentium dolore aperiam enim praesentium placeat omnis. Et ullam sed quam excepturi repudiandae. Provident facilis voluptatem et. Velit tempora rem veritatis voluptate dolores rerum debitis earum.', 3, '2019-08-18 02:45:09', '2019-08-18 02:45:09'),
(235, 25, 'Greyson Kunze', 'Est at ab rem laboriosam consequuntur iure. Id sapiente dignissimos et aliquam omnis est atque. Quia quas voluptates aliquid omnis at. Sit sunt est earum quia.', 4, '2019-08-18 02:45:09', '2019-08-18 02:45:09'),
(236, 39, 'Anastacio Lubowitz', 'Explicabo mollitia dolorem nihil ut assumenda itaque consequatur. Unde dolorem dolorum itaque eum. Officia sit deleniti eius fugiat laudantium ut. In exercitationem maiores tempora quam est architecto rerum et.', 5, '2019-08-18 02:45:09', '2019-08-18 02:45:09'),
(237, 18, 'Viviane Emmerich', 'Harum cupiditate assumenda culpa voluptas non rerum repellendus. Explicabo ducimus velit et velit est sint et. Natus eligendi occaecati cum dicta laborum et. Aspernatur adipisci architecto expedita esse quia ratione ducimus.', 3, '2019-08-18 02:45:09', '2019-08-18 02:45:09'),
(238, 30, 'Hortense Dibbert DVM', 'Odio animi et ipsam odit labore iusto. Occaecati praesentium quod unde ipsa. Aut illo quia aut eveniet sit dolor.', 2, '2019-08-18 02:45:09', '2019-08-18 02:45:09'),
(239, 22, 'Kylee Little V', 'Corporis veritatis ut autem fugit. Rerum quaerat magni culpa cupiditate quod quaerat. Unde mollitia quia quod et pariatur non.', 0, '2019-08-18 02:45:09', '2019-08-18 02:45:09'),
(240, 41, 'Dr. Petra Adams', 'Natus et quis veniam voluptates qui. Rem illo eveniet et aut. Provident beatae adipisci blanditiis quam.', 0, '2019-08-18 02:45:09', '2019-08-18 02:45:09'),
(241, 45, 'Dr. Kayli Cruickshank', 'Hic quas soluta rerum est sit aut voluptatem nihil. Dolorum et ut aliquam deserunt ea. Molestiae vitae qui illum aut. Quasi quasi perferendis rerum earum.', 4, '2019-08-18 02:45:09', '2019-08-18 02:45:09'),
(242, 34, 'Floyd Purdy Jr.', 'At est unde aspernatur officiis dicta eos sed. Quia corporis facere cumque quisquam ea eaque sed. Soluta sunt est mollitia consectetur ipsum ad modi.', 5, '2019-08-18 02:45:09', '2019-08-18 02:45:09'),
(243, 7, 'Rebecca Langworth', 'Consequatur quo similique explicabo et et ea vero reprehenderit. Et dicta aut expedita quidem quod. Cumque expedita consectetur eos sint. Optio exercitationem quibusdam sint a eos vero qui.', 0, '2019-08-18 02:45:09', '2019-08-18 02:45:09'),
(244, 7, 'Karlee Bergstrom', 'Magni eveniet sed cumque ut modi. Vel quia id qui quod occaecati eos. Nobis numquam dicta voluptas.', 1, '2019-08-18 02:45:09', '2019-08-18 02:45:09'),
(245, 36, 'Howard O\'Keefe', 'Odit beatae non fuga. Magni odio temporibus ducimus commodi expedita. Eum aliquid sunt debitis sed. Natus culpa dolor sed unde. Dolor ullam sint velit error.', 1, '2019-08-18 02:45:09', '2019-08-18 02:45:09'),
(246, 12, 'Stewart Becker', 'Suscipit quibusdam et laborum voluptas quidem nesciunt inventore. Similique voluptatem harum iste labore. Quia sed est molestiae ab.', 1, '2019-08-18 02:45:09', '2019-08-18 02:45:09'),
(247, 35, 'Flavie Crona', 'Odit ipsam sit veritatis commodi vel. Dolore tenetur inventore voluptas sit labore non a. Vel delectus asperiores et magnam ex perferendis distinctio. Consectetur reiciendis eligendi in ut inventore non consequatur.', 2, '2019-08-18 02:45:09', '2019-08-18 02:45:09'),
(248, 32, 'Dr. Mattie Borer', 'Maiores dolorem voluptatibus voluptatem et officiis occaecati. Sit ut ea quis perferendis quia consequatur excepturi quia. Ipsa laboriosam optio magni excepturi incidunt necessitatibus. Nihil occaecati sequi ullam rerum non voluptatem.', 1, '2019-08-18 02:45:09', '2019-08-18 02:45:09'),
(249, 39, 'Margarete Zieme IV', 'Blanditiis distinctio aspernatur voluptatem. Neque perspiciatis velit corrupti aperiam voluptatem officia. Quisquam temporibus placeat vel praesentium voluptas. Nesciunt mollitia perferendis magni veritatis ducimus aliquam voluptatibus.', 2, '2019-08-18 02:45:09', '2019-08-18 02:45:09'),
(250, 42, 'Nils Upton II', 'Expedita quasi reprehenderit voluptates ea ut. Error corporis neque modi ut aut. Delectus enim ex minima omnis.', 3, '2019-08-18 02:45:09', '2019-08-18 02:45:09'),
(251, 7, 'Cloyd Boyer DDS', 'Iure officia doloribus consequatur eaque. Molestiae eaque quia et. Est possimus facere quod illo numquam.', 3, '2019-08-18 02:45:09', '2019-08-18 02:45:09'),
(252, 39, 'Melisa Schmitt', 'Eum repudiandae voluptate beatae ut ipsa. At aperiam fugit reiciendis animi aut. Quo qui enim sapiente incidunt error a labore. Sit incidunt id voluptates ex illo dicta optio.', 4, '2019-08-18 02:45:09', '2019-08-18 02:45:09'),
(253, 44, 'Dr. Otho Wiza Sr.', 'Perspiciatis vel rem nisi iusto aut recusandae. Corporis qui rerum molestiae dolores ducimus. Sapiente sequi ea amet perspiciatis. Necessitatibus dolor voluptatum et architecto qui voluptatibus.', 3, '2019-08-18 02:45:09', '2019-08-18 02:45:09'),
(254, 13, 'Harley Stroman', 'Architecto voluptas omnis consequatur ea sed. Sint atque error aliquam necessitatibus libero non id culpa. Itaque perspiciatis et suscipit qui.', 1, '2019-08-18 02:45:09', '2019-08-18 02:45:09'),
(255, 33, 'Davion Cole DVM', 'Odio esse ad omnis. Aut qui dolorem eos natus fuga aliquam. Et eos deleniti et. Voluptatum quis est et et omnis et dolore.', 1, '2019-08-18 02:45:09', '2019-08-18 02:45:09'),
(256, 14, 'Antwon Gislason', 'Sapiente maxime non ut. Ducimus vitae sit nobis suscipit unde. Vitae et ducimus magni omnis sunt provident voluptatum. Quia totam debitis culpa placeat dolor quod. Voluptatem molestiae culpa at amet quos eum voluptatem accusantium.', 4, '2019-08-18 02:45:09', '2019-08-18 02:45:09'),
(257, 26, 'Cordelia Strosin', 'Deserunt odio consequatur aut totam quo. Nihil nobis molestiae sed consequatur est. Est iure cum magni unde quia quasi sequi. Quidem consequatur ex consequatur non sint voluptatibus facilis quam. Eveniet voluptas et unde eum.', 0, '2019-08-18 02:45:09', '2019-08-18 02:45:09'),
(258, 36, 'Laurianne Beer', 'Fugit sit tempora ex repellendus laborum est ratione nam. Fugit asperiores nisi quae quas. Ea qui sint amet magni dolores aut quam amet. Est impedit adipisci repellat quae.', 5, '2019-08-18 02:45:09', '2019-08-18 02:45:09'),
(259, 30, 'Lonie Nikolaus MD', 'Beatae sint aliquid sapiente quaerat iusto ut. Aut voluptates voluptas cumque cumque nobis.', 2, '2019-08-18 02:45:09', '2019-08-18 02:45:09'),
(260, 32, 'Jamison Oberbrunner', 'Est sit minima impedit non. Sequi accusamus doloremque modi mollitia deleniti earum. Enim culpa dolorum aut sint in dolor. Sunt nihil voluptas necessitatibus ea ut suscipit.', 5, '2019-08-18 02:45:09', '2019-08-18 02:45:09'),
(261, 23, 'Dr. Jorge Paucek PhD', 'Et dolores molestiae et quasi. Molestiae incidunt quis incidunt ratione fuga ducimus blanditiis. Officia iste eos tempora.', 0, '2019-08-18 02:45:09', '2019-08-18 02:45:09'),
(262, 17, 'Dr. Bell Welch', 'Sed ex culpa rerum facilis rerum. Placeat quaerat enim cupiditate omnis minus aliquam perspiciatis. Sapiente cumque nisi ullam officia sunt ut non.', 1, '2019-08-18 02:45:09', '2019-08-18 02:45:09'),
(263, 7, 'Bessie Lynch', 'Ut mollitia consectetur minus suscipit a. Sapiente sit sit fugiat quibusdam soluta. Tempore sapiente ut dolor optio.', 4, '2019-08-18 02:45:09', '2019-08-18 02:45:09'),
(264, 48, 'Kaden Gottlieb', 'Ex ut expedita facere magni sit. Modi consequatur iusto enim nesciunt. Sunt ut deserunt provident. Ut quisquam eaque fuga tenetur amet.', 1, '2019-08-18 02:45:09', '2019-08-18 02:45:09'),
(265, 22, 'Dr. Jaeden Becker MD', 'Odio quidem assumenda tempore facilis facilis. Dolore ex animi excepturi id laborum asperiores et. Vel doloremque sit neque atque vel voluptatem voluptatibus. Qui illo harum in voluptatibus modi tempora.', 0, '2019-08-18 02:45:09', '2019-08-18 02:45:09'),
(266, 13, 'Karolann Flatley Sr.', 'Ut est nostrum nobis quod recusandae. Quae quos aut dolor deserunt dignissimos. Sit itaque inventore debitis quo. Maiores explicabo quos inventore ea deleniti. Ea quas est quos nihil sapiente.', 1, '2019-08-18 02:45:09', '2019-08-18 02:45:09'),
(267, 23, 'Mr. Kennith Gutmann', 'Deserunt rerum eum sint dolore consequatur dolorem. Earum assumenda assumenda doloribus autem nobis suscipit modi. Maiores enim odio et incidunt. Dolores quisquam sunt qui qui fugiat error repudiandae.', 1, '2019-08-18 02:45:09', '2019-08-18 02:45:09'),
(268, 8, 'Kip Gutkowski', 'Neque ex odit voluptatem dolor amet voluptatem. Eos delectus voluptatem sed libero culpa quasi quas. Ipsum esse provident animi perferendis. Natus optio odit facere et ratione enim ad.', 4, '2019-08-18 02:45:09', '2019-08-18 02:45:09'),
(269, 23, 'Dr. Gerald Eichmann MD', 'Ut porro omnis laboriosam perspiciatis. Voluptatibus est rerum quia ut fugit vel. Nihil quidem dolore ut commodi.', 0, '2019-08-18 02:45:09', '2019-08-18 02:45:09'),
(270, 3, 'Jeramy Russel MD', 'Ut modi nobis est. Id expedita alias consequatur natus. Et quisquam rerum reiciendis incidunt iste. Quo laboriosam et eos asperiores.', 5, '2019-08-18 02:45:09', '2019-08-18 02:45:09'),
(271, 28, 'Berry Sipes', 'Veniam dolores enim dolorem amet consequatur. Dicta ex nihil et ut doloribus asperiores et. Quasi quidem architecto perferendis facilis. Quod consequuntur porro ad.', 2, '2019-08-18 02:45:09', '2019-08-18 02:45:09'),
(272, 4, 'Jamey Corkery Jr.', 'Ad commodi consequuntur temporibus eligendi. Fugiat ex eum nobis rerum.', 1, '2019-08-18 02:45:09', '2019-08-18 02:45:09'),
(273, 47, 'Antonette Ratke', 'Quo fugiat aut sint expedita eos non porro. Accusantium optio ratione est. Et natus voluptatem nobis sequi.', 4, '2019-08-18 02:45:09', '2019-08-18 02:45:09'),
(274, 31, 'Devin Yundt', 'Ut in distinctio minima qui sed voluptas. Soluta laboriosam deserunt sunt natus est sapiente. Ipsa reiciendis sunt occaecati et cumque iusto voluptatem.', 0, '2019-08-18 02:45:09', '2019-08-18 02:45:09'),
(275, 16, 'Dr. Lawson Donnelly', 'Enim nulla officia alias sit fugiat. Accusamus unde omnis qui et ipsa voluptas voluptatem. Fugiat est officiis a facere deleniti atque repellat quaerat. Sed excepturi aut ipsam a dolorem rerum.', 0, '2019-08-18 02:45:09', '2019-08-18 02:45:09'),
(276, 49, 'Lyla O\'Kon III', 'Minus qui culpa impedit delectus commodi sint in earum. Sit maiores laboriosam maiores et. Et consectetur fugiat ipsum omnis eos magni.', 2, '2019-08-18 02:45:09', '2019-08-18 02:45:09'),
(277, 50, 'Rogers Wilderman', 'Inventore beatae id id fuga non voluptas. Magnam id ut nesciunt rerum praesentium assumenda.', 3, '2019-08-18 02:45:09', '2019-08-18 02:45:09'),
(278, 4, 'Ms. Cindy Mills V', 'Neque reprehenderit fuga voluptas nisi porro natus ipsam. Adipisci optio eum explicabo quo eos. Blanditiis architecto quis provident ad non est.', 2, '2019-08-18 02:45:09', '2019-08-18 02:45:09'),
(279, 34, 'Dr. Glenda Becker III', 'Error ut non maiores aspernatur eligendi consequatur. Itaque enim commodi necessitatibus sit iure nobis dolorum.', 3, '2019-08-18 02:45:09', '2019-08-18 02:45:09'),
(280, 18, 'Prof. Quinton Wyman MD', 'Excepturi porro molestiae ut in. Beatae veniam perspiciatis vel voluptatem aperiam. Ut et quo itaque harum. Aut temporibus et minus sunt eius molestias.', 1, '2019-08-18 02:45:09', '2019-08-18 02:45:09'),
(281, 14, 'Rocio Hahn', 'Qui ad voluptatem neque at. Consequuntur eveniet molestias excepturi sapiente saepe. Nihil qui laboriosam laboriosam.', 2, '2019-08-18 02:45:09', '2019-08-18 02:45:09'),
(282, 2, 'Mrs. Nicole Schuppe DDS', 'Minus accusantium ratione quia hic tenetur aliquam. Doloremque ut minima voluptatibus nam eligendi dolorem. Quasi itaque ut molestias ut. Magni non dolores recusandae debitis repudiandae.', 4, '2019-08-18 02:45:09', '2019-08-18 02:45:09'),
(283, 26, 'Rex Schultz', 'Commodi magnam dolorum incidunt aperiam aut similique. Eos nobis odio eos molestias. Explicabo vel sit at animi quas quis molestiae.', 2, '2019-08-18 02:45:09', '2019-08-18 02:45:09'),
(284, 3, 'Mrs. Joana Mills Jr.', 'Aspernatur error dolore illo ut et vitae. Repudiandae maxime ut beatae possimus porro asperiores. Eos eos at facere voluptatem facere. Aspernatur ducimus repudiandae et voluptatum saepe molestiae.', 3, '2019-08-18 02:45:09', '2019-08-18 02:45:09'),
(285, 28, 'Eloise Rodriguez', 'Ut accusantium et ullam sit. Adipisci a autem consequatur quia sapiente autem nostrum labore.', 1, '2019-08-18 02:45:09', '2019-08-18 02:45:09'),
(286, 38, 'Cale Lang I', 'Harum qui ex amet atque et. Qui natus corrupti error consequatur quaerat dicta. Laborum laudantium voluptatem vel consequatur. Consequuntur consequatur velit maxime laborum dicta. Consequatur dolorem hic praesentium expedita.', 3, '2019-08-18 02:45:09', '2019-08-18 02:45:09'),
(287, 28, 'Dr. Felicita Huels', 'Nam aut explicabo ea suscipit et asperiores dolores. Non nemo quia error pariatur doloribus inventore occaecati enim.', 2, '2019-08-18 02:45:09', '2019-08-18 02:45:09'),
(288, 9, 'Prof. Jaleel Jacobson', 'Quia praesentium fuga nobis ut quibusdam. Vel dolores veritatis veniam voluptatem explicabo dolore maiores. Hic ex debitis sed dolores quia eligendi sunt.', 0, '2019-08-18 02:45:09', '2019-08-18 02:45:09'),
(289, 8, 'Moriah Miller', 'Harum est minima numquam. Nisi et id tempora quasi culpa doloremque minus. Vero enim fugit enim vitae. Praesentium sapiente cupiditate saepe ad.', 1, '2019-08-18 02:45:09', '2019-08-18 02:45:09'),
(290, 15, 'Ethyl Blanda', 'Illo et esse aut. Voluptatem ut explicabo natus tempora vel tempora enim aliquam. Vel molestiae iste vel molestias odio.', 4, '2019-08-18 02:45:09', '2019-08-18 02:45:09'),
(291, 28, 'Mr. Rashad Little', 'At recusandae velit quia odit omnis. Itaque quis quia non vitae tenetur modi velit. Optio quia dolorum et minima est et hic. Et dignissimos omnis ut.', 2, '2019-08-18 02:45:09', '2019-08-18 02:45:09'),
(292, 23, 'Prof. Abdul Toy DVM', 'Et voluptate numquam fugiat modi cupiditate aliquid quia. Magni autem ipsa quo saepe optio alias soluta laboriosam. Molestias error rerum impedit similique voluptatem explicabo eveniet.', 2, '2019-08-18 02:45:09', '2019-08-18 02:45:09'),
(293, 19, 'Sheldon Nicolas', 'Soluta perspiciatis autem aliquid sequi aspernatur dolor similique. Cum sapiente at necessitatibus veritatis. Nihil amet facere iure laudantium quos cum.', 5, '2019-08-18 02:45:09', '2019-08-18 02:45:09'),
(294, 30, 'Miss Elta Hudson', 'Et reiciendis et non ea. Eos laborum inventore repellat ab sint qui. Fuga ex quam sed consectetur accusantium facilis illum. Repellat enim distinctio distinctio facilis nesciunt sequi.', 4, '2019-08-18 02:45:09', '2019-08-18 02:45:09'),
(295, 37, 'Camden Wehner', 'Doloremque quas qui dolor officiis. Voluptatum nemo dolorem magni. Quidem et in molestiae id voluptas provident. Voluptatem eaque eaque placeat omnis molestiae rerum. Ut ipsam quos sunt distinctio fugit officiis sint.', 4, '2019-08-18 02:45:09', '2019-08-18 02:45:09'),
(296, 47, 'Prof. Jaydon Dicki Sr.', 'Harum magnam consequuntur numquam magni perferendis. Iste sed sequi veritatis nostrum debitis exercitationem quis. Aut explicabo ducimus autem maiores. Quis molestiae dolores ex.', 2, '2019-08-18 02:45:09', '2019-08-18 02:45:09'),
(297, 15, 'Marlin Hoppe', 'Est ut cupiditate dolorum reprehenderit eum qui error. Quis pariatur aut sapiente tempora mollitia commodi. Aperiam quam et consequatur quia. Recusandae est illo quia autem esse asperiores recusandae nam.', 3, '2019-08-18 02:45:09', '2019-08-18 02:45:09'),
(298, 46, 'Darius Corkery', 'Animi deleniti perferendis tenetur vel. Molestias aut error quis dolores autem excepturi velit. Ex eius sit maiores necessitatibus quia. Voluptatem voluptatum omnis optio.', 0, '2019-08-18 02:45:09', '2019-08-18 02:45:09'),
(299, 34, 'Mrs. Arielle Considine', 'Vel eaque molestias officiis. Debitis consequuntur voluptatibus ea ab qui provident. Magni molestiae est voluptatem architecto quisquam ducimus quis.', 2, '2019-08-18 02:45:09', '2019-08-18 02:45:09'),
(300, 49, 'Michele Corkery', 'Iure repudiandae atque ab ad dolor. Vero et qui distinctio ab. Velit sequi blanditiis nobis aliquid. Sit maxime omnis optio voluptatem.', 5, '2019-08-18 02:45:09', '2019-08-18 02:45:09');

-- --------------------------------------------------------

--
-- Table structure for table `users`
--

CREATE TABLE `users` (
  `id` bigint(20) UNSIGNED NOT NULL,
  `name` varchar(255) COLLATE utf8mb4_unicode_ci NOT NULL,
  `email` varchar(255) COLLATE utf8mb4_unicode_ci NOT NULL,
  `email_verified_at` timestamp NULL DEFAULT NULL,
  `password` varchar(255) COLLATE utf8mb4_unicode_ci NOT NULL,
  `remember_token` varchar(100) COLLATE utf8mb4_unicode_ci DEFAULT NULL,
  `created_at` timestamp NULL DEFAULT NULL,
  `updated_at` timestamp NULL DEFAULT NULL
) ENGINE=InnoDB DEFAULT CHARSET=utf8mb4 COLLATE=utf8mb4_unicode_ci;

--
-- Indexes for dumped tables
--

--
-- Indexes for table `migrations`
--
ALTER TABLE `migrations`
  ADD PRIMARY KEY (`id`);

--
-- Indexes for table `password_resets`
--
ALTER TABLE `password_resets`
  ADD KEY `password_resets_email_index` (`email`);

--
-- Indexes for table `products`
--
ALTER TABLE `products`
  ADD PRIMARY KEY (`id`);

--
-- Indexes for table `reviews`
--
ALTER TABLE `reviews`
  ADD PRIMARY KEY (`id`),
  ADD KEY `reviews_product_id_index` (`product_id`);

--
-- Indexes for table `users`
--
ALTER TABLE `users`
  ADD PRIMARY KEY (`id`),
  ADD UNIQUE KEY `users_email_unique` (`email`);

--
-- AUTO_INCREMENT for dumped tables
--

--
-- AUTO_INCREMENT for table `migrations`
--
ALTER TABLE `migrations`
  MODIFY `id` int(10) UNSIGNED NOT NULL AUTO_INCREMENT, AUTO_INCREMENT=9;

--
-- AUTO_INCREMENT for table `products`
--
ALTER TABLE `products`
  MODIFY `id` bigint(20) UNSIGNED NOT NULL AUTO_INCREMENT, AUTO_INCREMENT=51;

--
-- AUTO_INCREMENT for table `reviews`
--
ALTER TABLE `reviews`
  MODIFY `id` bigint(20) UNSIGNED NOT NULL AUTO_INCREMENT, AUTO_INCREMENT=301;

--
-- AUTO_INCREMENT for table `users`
--
ALTER TABLE `users`
  MODIFY `id` bigint(20) UNSIGNED NOT NULL AUTO_INCREMENT;

--
-- Constraints for dumped tables
--

--
-- Constraints for table `reviews`
--
ALTER TABLE `reviews`
  ADD CONSTRAINT `reviews_product_id_foreign` FOREIGN KEY (`product_id`) REFERENCES `products` (`id`) ON DELETE CASCADE;

/*!40101 SET CHARACTER_SET_CLIENT=@OLD_CHARACTER_SET_CLIENT */;
/*!40101 SET CHARACTER_SET_RESULTS=@OLD_CHARACTER_SET_RESULTS */;
/*!40101 SET COLLATION_CONNECTION=@OLD_COLLATION_CONNECTION */;
